:020000040800F2
:100000006018002005B7000845B7000875AC000867
:1000100049B700084DB7000851B7000800000000BC
:1000200000000000000000000000000055B70008BC
:1000300059B70008000000005DB70008D5AC000803
:1000400061B7000865B7000869B700086DB7000818
:1000500071B7000875B7000879B700087DB70008C8
:1000600081B7000885B7000889B700088DB7000878
:1000700091B7000895B7000899B700089DB7000828
:10008000A1B70008A5B7000855AB0008A9B700083C
:10009000ADB70008B1B70008B5B70008DDB4000877
:1000A0007DAB00086FAB0008E3B40008B9B70008E7
:1000B000ADAB0008BDB70008C1B70008C5B7000860
:1000C000C9B70008CDB70008D1B70008D5B70008F8
:1000D000D9B7000817AC0008DDB70008E1B7000881
:1000E000F9AC0008E5B70008E9B70008EDB700086B
:1000F000F1B70008F5B70008F9B70008FDB7000828
:1001000001B8000805B8000809B800080DB80008D3
:1001100011B8000815B8000819B80008F9B40008AB
:100120001DB8000821B8000825B8000829B8000843
:100130002DB8000831B8000835B8000839B80008F3
:100140003DB8000841B8000845B8000849B80008A3
:100150004DB8000851B8000855B8000859B8000853
:100160005DB8000861B8000865B8000869B8000803
:100170006DB8000871B8000875B8000879B80008B3
:100180007DB8000881B8000885B8000889B8000863
:100190008DB8000800000000FFB4000805B5000895
:1001A00091B8000895B8000899B800089DB80008F3
:1001B000A1B80008A5B80008A9B80008ADB80008A3
:1001C000B1B80008B5B80008B9B80008BDB8000853
:1001D000C1B80008C5B800082DE9F04F81B0DFF8BC
:1001E000A0A8DFF8A048DFF8A078DFF8A068DFF863
:1001F000A0582DED068BA0B001F08CF800F07CFF2C
:1002000014210022684601F0D3F8DAF84C0440F0DB
:100210002000CAF84C040122DAF84C0400F0200057
:1002200005900599DAF84C0440F00400CAF84C0433
:10023000DAF84C0400F0040005900599DAF84C0453
:1002400040F00100CAF84C04DAF84C0400F0010058
:1002500005900599DAF84C0440F01000CAF84C04F7
:10026000DAF84C0400F0100005900599DAF84C0417
:1002700040F00200CAF84C04DAF84C0400F0020026
:1002800005900599DAF84C0440F00800CAF84C04CF
:10029000DAF84C0400F0080005900599DAF84C04EF
:1002A00040F04000CAF84C041021DAF84C0400F089
:1002B000400005900598204601F099F90022D021D0
:1002C000384601F094F901224FF48051304601F094
:1002D0008EF900224FF44041304601F088F90022A7
:1002E0000321284601F083F9102200920121019197
:1002F0000022029203926946204601F09FF8D02224
:10030000009201210191002202920392694638462F
:1003100001F094F80021019102914FF400640094DF
:100320006946304601F08AF84FF4504200920121AC
:1003300001910022029203926946304601F07EF854
:1003400001220092019200220292039269462846FD
:1003500001F074F80121019102220321039100921E
:1003600002926946284601F069F80021DFF87C2DE9
:1003700002914FF48065019200956946384601F07C
:100380005DF8202200920022DFF8641DDFF8647D12
:10039000019102926946304601F050F80022002196
:1003A000172001F04FF9172001F075F917A8002167
:1003B00001604160816000223C2108A800F0F8FF44
:1003C00020210022684600F0F3FF0020B860386169
:1003D00001210420B86179610320002138624FF0C7
:1003E000A0464FF400284FF40049B98387F8241041
:1003F000F962396387F83810F96387F840103E6076
:10040000C7F80480C7F80C90384601F090F9002036
:10041000179017A9384601F006FF01210A91092219
:1004200004210C910992012110917F2280211291C7
:1004300013910B920021DFF8780D089000228DF8BF
:1004400050100D928DF844208DF845208DF84620EF
:1004500008A9384601F0AFFC062101917F21DFF8A1
:10046000542D0391009200210422059102920492DE
:100470006946384601F08CFADFF83C0D0090002107
:1004800002910C2201926946384601F081FA12214C
:10049000DFF8282D019100926946384601F078FA7C
:1004A0003C210022684600F083FF06F58070F86664
:1004B000002179670020F867C7F88000042187F8D9
:1004C0008800C7F8841001200021C7F88C0087F845
:1004D000891087F8901087F8A410C7F8A81087F83B
:1004E000AC10C7F87080C7F8789007F16C0001F085
:1004F0001EF9012102910922042104910192012196
:1005000008917F2280210A910B9103920021DFF84C
:10051000B00C009000228DF830100592ADF8242028
:100520008DF82620694607F16C0001F044FCC7F8FD
:1005300004A407F2044001F029FF3021002268469C
:1005400000F036FF06F50060C7F82C0407F22C40D7
:1005500001F03CFF02220092002102200522ADF8AA
:1005600004100291039004910590069207910022D5
:10057000694607F22C4001F03DFF0022052103925D
:1005800006911022694607F22C4001F033FFDFF894
:10059000440DDFF8448DC7F8D8000021012087F80A
:1005A000E900C7F8E0101120C7F8EC00C7F8E41024
:1005B00087F8E81087F8EA10002001210222C7F826
:1005C0000C01C7F81001C7F81401C7F8F010C7F8FC
:1005D000F420C7F8F820C7F8FC10C7F80011C7F8D6
:1005E0000411C7F8081107F1D80001F0DBFF08F586
:1005F00080614FF48270C7F83C11C7F840010021B8
:100600004FF4E060C7F84411C7F848010120C7F86B
:1006100050014FF40072C7F84C11C7F85421002064
:100620002821C7F85C01C7F86001C7F864010722F8
:10063000C7F86C01C7F87001C7F85811C7F86821EE
:1006400007F59E7002F054FB142100221AA800F056
:10065000AFFE0AA90020086048608860002207A851
:100660000260426082601C21684600F0A1FE3421D5
:1006700000220DA800F09CFE0020C7F850022021A7
:1006800042F23410C7F85802C7F854120020012172
:10069000C7F864024FF48076C7F86012C7F84C823E
:1006A000C7F85C6207F5137002F070FD07F5137070
:1006B00002F09AFD102106221B911A921AA907F541
:1006C000137002F089FF70200A9000220B920C92A6
:1006D0000AA907F5137003F00BFA012007900890A0
:1006E000099007AA022107F5137003F093FA60201E
:1006F0000021009001910022039105910292049241
:100700000692694607F5137002F0BCFE00200190C6
:100710000422694607F5137002F0B4FE0020019030
:100720000822694607F5137002F0ACFE7020002223
:1007300000900192039269460C2207F5137002F0B3
:10074000A1FEBF2100221091119212921492002159
:100750004FF080704FF000720D940E950F9613912C
:100760001590169217911891199107F513700DA90C
:1007700003F0F4F907F5137003F0A0FC2421002224
:1007800003A800F015FE00210020009101910291C4
:10079000C7F89012C7F89402C7F89C0240F2FF71A4
:1007A00003204FF08042C7F898120390C7F88C22BC
:1007B00000210020C7F8A41204910122069005929E
:1007C0000C2101200791002209900B9108920A92B6
:1007D00003A907F5237002F023FD0020009002908A
:1007E000694607F5237003F083F908F54060C7F800
:1007F000A0014FF4E131C7F8A4110020C7F8A80107
:10080000C7F8AC01C7F8B0010C21C7F8B801C7F8A8
:10081000BC01C7F8C001C7F8C401C7F8C801C7F8D0
:10082000B41107F5D07003F0DBFC002107F5D070A0
:1008300004F0C4FB002107F5D07004F011FC07F5AB
:10084000D07004F099FB04F065FC0020009001904A
:100850000290C7F8D4028020DFF8882AC7F8E402A3
:1008600040F2A361C7F8CC22C7F8D01242F20F744D
:10087000C7F8D84207F5337002F088FC00200090DA
:100880000290694607F5337003F032F9DFF8585AE1
:10089000C7F8584305F58060C7F84C030021802055
:1008A000C7F8640340F2A466C7F85413C7F85C1392
:1008B000C7F86013C7F8506307F5537002F066FC81
:1008C0000020C7F81403C7F81C03C7F820038021D1
:1008D000C7F82413C7F80C53C7F81063C7F81843B8
:1008E00007F5437002F052FC01220421182000F0A9
:1008F000A9FE182000F0CFFE00220021192000F0F0
:10090000A1FE192000F0C7FE00220221122000F0F3
:1009100099FE122000F0BFFE002203211C2000F0EF
:1009200091FE1C2000F0B7FE01220321252000F0DB
:1009300089FE252000F0AFFE00220321282000F0D0
:1009400081FE282000F0A7FED7F88C02C16841F490
:100950000011C160C16841F48001C160C16841F407
:100960000001C16007F5337002F02AFC07F55370EF
:1009700002F026FC04F0F0FB04F011FC4FF47A7056
:1009800004F068FF012302224FF0A04107F2544017
:1009900004F076FF87F89603012303224FF0A0416D
:1009A00007F58C6004F06CFF87F8970305210020A1
:1009B00087F84902012287F8BC1387F8C02387F81B
:1009C000C123052005F008F810F1010F62D0A7F847
:1009D000BE03B7F8BE0305F05CF887F8C30305F063
:1009E00034F8010004BF602187F8491287F8C20378
:1009F0004FF49671002005F07DF805F083F864202F
:100A000004F028FF05F084F805F088F84FF47A70B8
:100A100004F020FF07F56C7005F086F807F5757097
:100A200005F0B2F8002087F8D10387F8E30303202C
:100A3000DFF8B848DFF8B8582070042187F82C1286
:100A40000022062187F8322287F8332287F8DD1347
:100A500087F8E42341F2741B9FED068ADFED068AD6
:100A600040F6CC4A9FED059A40F29919DFF8846868
:100A700051E200BF00005C42000034420000B44379
:100A8000000C02400014004800080048000C004818
:100A9000001800485F2087F84902A9E73078042849
:100AA00042DC728848F212314A431144490E00EE8A
:100AB000101AB8EE400AF0EE080A01EE100A60EED5
:100AC000200AB8EE411AB4EE601AF1EE10FA36DAE6
:100AD00097F8E203012839D097F8E903002857D1A5
:100AE00097F8A003B0F1000F40F0CE8097F8A20372
:100AF000002800F0F78007F5667005F055F9B7F8A3
:100B00009803A7F83002B7F99A03010048BF494299
:100B1000B7F92E229142C0F2D68097F83332022BD9
:100B200040F0DA80D2E000BFB7F836120429B8DC12
:100B30006322012187F8492287F8E213B1E7612295
:100B40005FF0010087F8492287F8E20304F0E0FF34
:100B500005F0C3F904F0E2FF0020288097F849026D
:100B600004F0FCFB0420002187F82C0287F8E21334
:100B7000B2E7024652421BE26220012187F8490295
:100B8000A7F8F22387F8E213A7F8F023A0E700BF45
:100B900004F09CFF4FF0FF31884280460CD10220C8
:100BA00087F832025A22002087F84922A7F8FE83EC
:100BB00087F8E90394E700BFD7F88C02DFF838170D
:100BC000406ADFF83837A0FB0332120A09FB120033
:100BD00001EE100A404680FB01EC84444FEAEC2110
:100BE00001EBD1710AFB110000EE900AB8EE411A38
:100BF000DFED031AF8EEE00A9FED020A04E000BF01
:100C0000CDCCCC4300C04C45C1EE211A80EE800A09
:100C100061EE899A60EE09AA39EEEAAA1AEE100A84
:100C200005F07EF921F000410122DFF8D43605F00D
:100C30009BF914D897F8EA03401CC2B2022A0FDDD0
:100C400007F2504107F24C43C1ED00AA592202219C
:100C500083ED00AA87F8492287F8321200E00020CD
:100C600087F8EA0307F2404307F2444207F248419B
:100C70000020C3ED009AC2ED00AA81ED00AAA7F8FA
:100C8000FE8387F8E9032BE707F5667005F077F830
:100C9000B7F89C0387F82D02012187F8321287F8F4
:100CA000331200200221C7F83C0287F82C1207F506
:100CB0006C7004F042FF07F56C7004F045FF0020F3
:100CC00087F8A00312E7022287F833221D29DCBF30
:100CD000012187F8A11300BFA7F82E025FF00000E2
:100CE00087F8A20397F8A103A0B107F5667005F095
:100CF00095F80021A7F82E1287F83212002004215F
:100D0000A7F8300287F8330287F82C1287F8A1037E
:100D100004E000BF97F82C0230B300BF97F8CA0375
:100D200001282DD197ED8F0AB4EE480AF1EE10FAA2
:100D300026DB04F0EDFE04F0F1FE0021022087F82E
:100D4000331287F8320204F0E1FA97F83A02401CB5
:100D500087F83A02012004F0ECFA97F8CA03401C25
:100D600087F8CA030CE000BF97F8CA030028D5D162
:100D700097ED8F0AB4EE680AF1EE10FA80F2128055
:100D800097F8D803012827D097F8ED03002839D128
:100D900097F83202012841D097F83202022800F079
:100DA00087809BE004F0B4FE04F0B8FE002102202E
:100DB00087F8331287F8320204F0A8FA97F83A025B
:100DC000401C87F83A02012004F0B3FA97F8CA03EE
:100DD000401C87F8CA03A1E707F50B7107F575708A
:100DE00004F0E0FE010009D00021A7F8D613552237
:100DF0005FF0020187F8492287F8321287F8EC0386
:100E0000C2E700BF07F5757004F0C4FE07F5757002
:100E100004F0C5FE002087F8ED03B9E7B7F83612F5
:100E2000B7F82E02401A02B2002A25D402B2FB2AD9
:100E300080F22680A7F8F00307F56C7004F089FEB5
:100E4000B7F92E02002848BF404281B207F56C7006
:100E500004F08FFE97F8B80300289DD097F8B503EB
:100E6000012899D197F8491297F8B203022287F81E
:100E7000322288B1582119E010464042D6E700BF1F
:100E8000B7F830221A2AD5DB02235C2287F83232E7
:100E900087F84922CEE700BF97F8B40310B1572175
:100EA00004E000BF97F8B30300B1562187F8491258
:100EB00004F02EFE04F032FE002087F8DC0397F8E1
:100EC000490204F04BFA042087F82C02002101208B
:100ED00087F8331287F8D81387F8E40397F8E0030C
:100EE00000286DD197F8E10310B100F0DFFB00BFDF
:100EF00097F8E503B0F1000F40F0788097F8E6032B
:100F000048B100BF04F004FE04F008FE002187F899
:100F1000E51387F8E613012107F5637004F036FD49
:100F2000022107F5637004F031FD07F5637004F0EA
:100F3000ADFC07F50B7005F055F805F093F897F840
:100F4000EB0338B15FF0000287F8322287F84922BC
:100F500087F8EB2397F8AC03B0F1010F00F0828023
:100F600097F8AD03B0F1010F00F08E8097F8AE0353
:100F7000B0F1010F00F0968007F50B7004F064FFEC
:100F800007F50B7004F0B1FF97F8E31320780129FF
:100F900000F0908000283FF481AD01287FF498ADE7
:100FA0002A88B7F83402121A10B200283FF5E1ADD2
:100FB00010B26528BFF6E0ADA7F8F02388E500BFC2
:100FC00004F0A6FD04F0AAFD002187F833120220E8
:100FD00087F83202042187F82C1200202880012093
:100FE00004F0A7F9002087F8E0037BE7B7F8F403E3
:100FF000F0B197F8E71301297FF480AFD7F88C227E
:10100000516AA7F8F813B7F9F823B7F9F613521A8B
:10101000A7F8FC2391B212B2002A54D4A7F8FA130D
:10102000B7F8FA13652951DB012087F8E60369E771
:101030004FF47A7105F0BEF804F064FDB7F8F403DC
:101040005930A7F8F403002187F8E71387F8E8136D
:101050004FF47A7004F0FEFBD7F88C12486AA7F8B8
:10106000F6034BE707F50B7107F5697004F000FE16
:1010700007F56C7004F061FD0321002087F82C1245
:1010800087F8AC036CE700BF07F50B7107F56970D3
:1010900004F05CFE0421002087F82C1287F8AD03D1
:1010A00064E700BF07F5697004F05DFE002087F873
:1010B000AE0361E700287FF46DAF012222700021AA
:1010C000317372716CE752421146A7E75845BFF67B
:1010D00015AF5930A7F8F4034FF47A7100B205F058
:1010E00069F8002087F8E70308E7000000002110F6
:1010F00000001110FC0C002000B5A9B0382100221E
:1011000005A800F055F914210022684600F050F9B6
:101110005421002213A800F04BF9002005F052F8EA
:101120004FF480710891022202210C910D910592D9
:1011300004210E914022082109921091119155220B
:1011400002210F92129105A805F0A2F80F200021AC
:1011500000900322029103910491019208216846B4
:1011600005F0BAFA49F201020021139214914FF0EE
:1011700080724FF080512192249113A805F0F2FB68
:1011800029B000BD10B50446C80710D55D4A02F16C
:1011900028034021204601F0D1FB08B904F0F6F8FD
:1011A0002046BDE810400022012101F06ABC10BDBC
:1011B0008000501D02003004040060080800900CFC
:1011C0000001802101685048814200D070474F4A99
:1011D00010B492F8DC0381B0B8B192F8DE03401C81
:1011E00082F8DE0392F8DD1392F8DE0381420CD21E
:1011F00092F8DE1382F8EF135E2082F84902022192
:10120000002082F8321282F8DC03B2F8000492F86F
:10121000A313401CA2F8000411B1012382F8A233E9
:1012200092F8D81321B1B2F8D6136431A2F8D613CC
:10123000012382F8E93380B2B2F8361200EE901A38
:101240004CF6CD43F8EE600A9FED241A434380EE3E
:10125000811ADB0C9FED220AD2ED8F0A03EB830487
:1012600041EE000AB0EB4400C2ED8F0A20D192F8A3
:10127000CD03012804D1B2F8CE03401CA2F8CE035E
:101280001C484378012B02D10178491C0170417937
:10129000012902D1017B491C017392F8E50338B1A1
:1012A00092F8E8030121401C82F8E71382F8E80372
:1012B00092F8EE0318B901B010BC03F0DFBF01B023
:1012C00010BC7047202803D111490888401C0880B1
:1012D0007047000000680040002C01400000E1441D
:1012E0009CC4203F0014004000440140081400202A
:1012F0004C140020F8130020A1000AA089163CA07D
:1013000000001440B013002000480140FC0C0020F5
:1013100058140020032010B500F08AF9042005F0CD
:1013200083FC0024002814BF012402F0EDFC2046B9
:1013300010BDF0B40246106895681318506803EBAE
:101340005004C00748BF4D44A3422DD013F8016B91
:1013500016F0030004BF13F8010BC01C31090F295C
:1013600007D113F8011B0F3103E013F8017B05F8D7
:10137000017B401EF9D10029E6D013F8010BC6F31A
:101380008107032F08BF13F8017B00EB07204042C1
:1013900028440026B71E8F421EBF10F8017B05F8B7
:1013A000017B761CF6D1CFE7F0BC02F10C00704750
:1013B00062F30F2262F31F42401810F0030308D0BB
:1013C000C91A1FD3DB0748BF00F8012D28BF20F83A
:1013D000022D130030B414461546103928BF20E9F9
:1013E0003C00FAD8490728BF20E90C0048BF40F864
:1013F000042D890028BF20F8022D48BF00F8012DD8
:1014000030BC7047C91818BF00F8012DCB0728BFA2
:1014100000F8012D704790F81C1169B9012180F87E
:101420001C110022D0F8201180F81D21086840F01E
:101430002000086002207047012070472DE9F04F1E
:101440000A4681B01168DFF8C4E1DFF8C481DFF833
:10145000C491DFF8C4A1002300294FF00F0B00F066
:10146000BB800146012000FA03FC10681CEA000062
:1014700000F0AD805468022C18BF122C5CD05F00C5
:1014800003240D681679BC40E44306F003062540AA
:10149000BE4035430D605568012D18BF022D03D0A5
:1014A000112D18BF122D11D18D68D6682540BE4070
:1014B00035438D604D6825EA0C065568C5F3001567
:1014C00015FA03F545EA060CC1F804C0D1F80CC0C2
:1014D000956804EA0C0405FA07F72743CF605468BF
:1014E000E40074D5DAF8005045F00105CAF8005060
:1014F0004FEA930CDAF8004004F001040094009CD9
:1015000059F82C709C0004F00C040BFA04F5AF435E
:10151000B1F1904F20D0414520D0404DA9421FD07D
:101520003F4EB1421ED03F4DA9421DD03E4EB1426A
:1015300014BF0625052519E0DC0801EB84049D0095
:10154000276A05F01C050BFA05F6B743166906FA7B
:1015500005F53D43256292E7002507E0012505E0FA
:10156000022503E0032501E05FF0040505FA04F419
:101570003C4349F82C40C443DEF800C0566804EAF6
:101580000C0CF50348BF40EA0C0CCEF800C0DEF8A6
:1015900004C0556804EA0C0CAE0348BF40EA0C0CCA
:1015A000CEF804C0DEF808C0566804EA0C0CF50258
:1015B00048BF40EA0C0CCEF808C0DEF80CC05568F5
:1015C00004EA0C04AD0248BF0443CEF80C40106896
:1015D0005B1CD8407FF446AF01B0BDE8F08F00003F
:1015E00000690140481E8041C043C00F70470AB1E6
:1015F00081617047816270470C490A6803461A424C
:101600001CBF0B60FFF75EBE704700000004014086
:101610000004004808000140601002400008004833
:10162000000C004800100048001400481404014059
:101630002E490A6860F30A2240F2FA5060F31F4212
:101640000A60704770B4294D2C68C4F30224C4F1B9
:101650000703052B2FBF0F2501259D406D1E261D5D
:10166000072E34BF0024E41E2940A140012303FAC1
:1016700004F4641E224011430A01010003D41C4BF0
:101680005A5470BC70471B4801F00F01014401F827
:10169000042C70BC7047010007D4012200F01F0128
:1016A000154B8A40400943F820207047BFF34F8F05
:1016B0000E4A1248116801F4E06101431160BFF362
:1016C0004F8F00BFFDE7401EB0F1807F01D30120A6
:1016D00070470B494860F02081F8130D00228A60A2
:1016E000072008600020704705F0C2BA0CED00E04A
:1016F00000E400E018ED00E000E100E00400FA057D
:1017000010E000E000F11403C80D00F00400C01860
:10171000090D01F01F01D0F800C007238B402CEA0F
:10172000030C02FA01F141EA0C010160704730B587
:1017300081B0044600200025009014B9012001B0BA
:1017400030BDE06D30B9204602F0FFFA002121667D
:1017500084F8581021688868800004D58A68DFF80A
:10176000100202408A6021688868C00027D48A6815
:10177000DFF80002DFF80032024042F080528A6057
:1017800000211868DFF8F421E0FB0221490C0091E8
:101790000098A0B10098401E0090009878B1009881
:1017A000401E0090009850B10098401E0090009894
:1017B00028B10098401E009000980028EAD12168C6
:1017C0008868C00008D4E26D42F01002E26501258D
:1017D000206E40F0010020668868E26DD30600F1BB
:1017E000BE80400700F1BB80E26D22F4807242F0BF
:1017F0000202E2658868C0072ED4B1F1A04F1CBF79
:10180000DFF87C01814205D1DFF878010268D0F869
:10181000000108E0DFF86C01D0F80024D0F80035B2
:10182000D0F800061A43104310F0010014D1B1F1B2
:10183000A04F1CBFDFF84801814207BFDFF8441109
:1018400001F54072DFF83C0100F5E0621168606864
:1018500021F47C1101431160607FE36BA16894F86F
:10186000242043EA4033E06803431943012A41EA54
:10187000024103D1A06A401E41EA4041E06A20B122
:1018800000F478700843216B01432268DFF8F80008
:10189000D36803401943D16021680A69606B22F064
:1018A000406202430A6121688A688868520742D40C
:1018B000000740D4CA68DFF8D400237F024094F8C0
:1018C000380042EA833242EA4002CA6020690028B6
:1018D000206801690CD041F4803101612268D2F89E
:1018E000C0102069890B40EA8131C2F8C01009E0BC
:1018F00021F4803101612068D0F8C010890B890380
:10190000C0F8C01094F8400001280FD12268136974
:10191000606CA16C6FF38A030343E06C0B43216D91
:1019200003430B4343F00103136104E020680169A2
:10193000490849000161606901282068016B05D1EF
:10194000226A0909521E42EA011101E0090909014E
:1019500001630121E06D61F30100E06504E0E06DE9
:1019600040F01000E0650125284601B030BD0000C0
:10197000C0FFFF5FC0FFFF7FE805002047ACC5A7A1
:1019800000010050080000500740F0FFFDBFFFFFBE
:10199000F0B581B0054600200E460090002495F871
:1019A0005810012908BF022000F0D381012085F8DA
:1019B000580029688868400700F1C2817268306861
:1019C00001F13003910901F00C01C91802F01F0266
:1019D0000B681F279740C0F38460BB4300FA02F2F4
:1019E0001A430A60286882688168520700F1A5805E
:1019F000090700F1A280B268B2F1004F08D1316846
:101A00000022FFF77FFE2868416941F0004106E0AF
:101A10003168FFF777FE2868416921F00041416194
:101A20002B68D9683069042830D06033326803EB02
:101A30008003DFF82C031F68074002F0F8423A43A6
:101A4000C9087769480000F0060087403A4342F031
:101A500000421A6029683369B069603101EB830183
:101A60000A6822F0807210430860307F01280CBFA2
:101A70004FF00070002029683369603101EB830169
:101A80000A6822F000721043086056E003F160001B
:101A9000016801683368C1F384615A030EBFC3F360
:101AA000846293FAA3F2B2FA82F2914203D10168FE
:101AB00021F0004101602868603050F8041F01687F
:101AC0003268C1F3846153030EBFC2F3846292FA99
:101AD000A2F2B2FA82F2914203D1016821F00041F0
:101AE00001602868603050F8081F01683368C1F34E
:101AF00084615A030EBFC3F3846293FAA3F2B2FA6D
:101B000082F2914203D1016821F00041016028680E
:101B1000603050F80C1F01683368C1F384615A03C8
:101B20000EBFC3F3846293FAA3F2B2FA82F2914237
:101B300003D1016821F0004101602B689868C0075B
:101B40006BD4F1683268D3F8B070C2F312008743E7
:101B5000DFF8100201F01801C84002403A43C3F810
:101B6000B020F168DFF80002814256D13368580393
:101B70000EBFC3F3846093FAA3F0B0FA80F0401C68
:101B800000F01F000A2821D2580306D1C3F3846154
:101B9000C3F38460C3F3846305E093FAA3F0B0FA5F
:101BA00080F108460B46491C401C8906012200F0C2
:101BB0001F005B1C01F0F84102FA00F003F01F0364
:101BC000014303EB430341EA035122E0580306D1EA
:101BD000C3F38462C3F38460C3F3846305E093FAC0
:101BE000A3F0B0FA80F210461346521C401C5B1C56
:101BF0009206012100F01F0003F01F0302F0F842DB
:101C000081400A3B114303EB430341EA035141F096
:101C10000071B2682868FFF775FD3068DFF84C1175
:101C2000084200F092802968B1F1A04F1CBFDFF894
:101C30002C2191420EBFDFF82021DFF81C2102F594
:101C400080621268DFF8286102F0E072B0421CBFC7
:101C5000DFF8203198423FD116023DD4B1F1A04FB8
:101C600008D0DFF8140181426FD1DFF8EC1001F5E4
:101C7000806001E0DFF8E0000168DFF8006121F03A
:101C8000E0710A4342F40002026000213268DFF88A
:101C9000F000E2FB0001480C00EB40039B000093C6
:101CA0000098002851D00098401E0090009800280D
:101CB0004BD00098401E00900098002845D0009816
:101CC000401E0090009800283FD00098401E0090D1
:101CD00000980028E7D138E0DFF8A830984216D104
:101CE000D00132D4B1F1A04F1CBFDFF870008142A7
:101CF0000EBFDFF86410DFF8601001F5806108683E
:101D000020F0E070024342F080720A601DE0DFF8CC
:101D10007830984219D1560217D4DFF8400081423A
:101D200013D0DFF83400B1F1A04F18BF00F5806088
:101D3000016821F0E0710A4342F48002026004E08D
:101D4000E86D40F02000E8650124002085F8580087
:101D5000204601B0F0BD0000080300500001005013
:101D600000F0FF03FFFF070000007F400000088035
:101D7000000021C31000C09000060050E8050020BC
:101D800047ACC5A7000052C7000084CB00F1140384
:101D9000C80D00F00400C018090D01F01F01D0F8B3
:101DA00000C007238B402CEA030C02FA01F141EA40
:101DB0000C0101607047F0B581B00546002000902D
:101DC0000E4695F8580000240021012808BF022083
:101DD00000F027826869012285F8582000281CBF7E
:101DE000326A012A16D17068092836D13168B06A82
:101DF000490C01F4785120B100F07C000843F16AED
:101E000001432B68DFF84805DA6C02400A43DA64C4
:101E1000696622E0A86E50B9AA666866316AB06A3F
:101E2000491E20B100F07C000843F16A014330688C
:101E30003279C0F3846002F01F0290400143A86E23
:101E40006A6E401E1143A866696630B92A68DFF8D9
:101E50000005D36C03401943D164296888680007E2
:101E60000FD496F8250096F826200028C86820F49C
:101E7000401040EA425204BF96F8243042EA03522E
:101E8000CA6029688A688868520700F1D78003070A
:101E900000F1D480B06A00281CBFF06A002807D186
:101EA00096F825000128C8680DD140F000700CE0BC
:101EB00096F82500012805D1E86D40F02000E8657E
:101EC000012403E0C86820F00070C86096F8300074
:101ED0002A6801280AD11369706BB16B23F4FF7370
:101EE00003430B4343F00203136103E0106920F046
:101EF00002001061B268B2F1004F09D13168286860
:101F00000022FFF743FF2868416941F0004107E0E4
:101F100031682868FFF73AFF2868416921F00041DD
:101F200041612B68D9683069042830D06033326849
:101F300003EB8003DFF81C041F68074002F0F8423F
:101F40003A43C9087769480000F0060087403A43E1
:101F500042F000421A6029683269B069603101EBD1
:101F600082010B6823F0807318430860307F0128DA
:101F70000CBF4FF00070002029683369603101EB1D
:101F800083010A6822F000721043086056E003F1F2
:101F90006000016801683368C1F384615A030EBFB1
:101FA000C3F3846293FAA3F2B2FA82F2914203D1AC
:101FB000016821F0004101602868603050F8041F7A
:101FC00001683368C1F384615A030EBFC3F38462AE
:101FD00093FAA3F2B2FA82F2914203D1016821F09E
:101FE000004101602868603050F8081F01683368BC
:101FF000C1F384615A030EBFC3F3846293FAA3F260
:10200000B2FA82F2914203D1016821F000410160ED
:102010002868603050F80C1F01683368C1F3846190
:102020005A030EBFC3F3846293FAA3F2B2FA82F2A8
:10203000914203D1016821F0004101602B6898684A
:10204000C0076BD4F1683268D3F8B070C2F31200E5
:102050008743DFF8040301F01801C84002403A4307
:10206000C3F8B020F168DFF8F402814256D133683A
:1020700058030EBFC3F3846093FAA3F0B0FA80F064
:10208000401C00F01F00092821D8580306D1C3F3D3
:102090008461C3F38460C3F3846305E093FAA3F01F
:1020A000B0FA80F108460B46491C401C8906012203
:1020B00000F01F005B1C01F0F84102FA00F003F091
:1020C0001F03014303EB430341EA035122E058039A
:1020D00006D1C3F38462C3F38460C3F3846305E071
:1020E00093FAA3F0B0FA80F210461346521C401C3B
:1020F0005B1C9206012100F01F0003F01F0302F099
:10210000F84281400A3B114303EB430341EA035188
:1021100041F00071B2682868FFF738FE30689049D6
:1021200008427AD02968B1F1A04F1CBF874A91427A
:102130000EBF8C4A8B4A02F5806212688A4B02F00D
:10214000E07298421CBF894EB0423AD1130238D493
:10215000B1F1A04F06D0864881425ED1814901F598
:10216000806100E07F490868824E20F0E070024301
:1021700042F400020A60002132687F48E2FB00015D
:10218000480C00EB40039B0000930098002844D0CB
:102190000098401E0090009800283ED00098401EF5
:1021A00000900098002838D00098401E00900098B9
:1021B000002832D00098401E009000980028E7D1F7
:1021C0002BE06E4B984213D1D00126D4B1F1A04F31
:1021D0001CBF5E4881420EBF6249624901F58061C1
:1021E000086820F0E070024342F080720A6014E058
:1021F000634B984211D156020FD4544881420CD0FF
:102200005848B1F1A04F18BF00F58060016821F077
:10221000E0710A4342F480020260002085F8580011
:10222000204601B0F0BD70B490F858300022012B68
:1022300008BF022000F08480012380F85830036832
:10224000B3F1A04F14D14F4CF834A4689D686D07CA
:102250006DD464076BD4B3F1A04F1CBF3B4CA342B9
:1022600007BF484B03F54075464C04F5E06510E0A8
:10227000354DAB4203D1434C04F59F64E5E7C26D95
:1022800042F02002C265002180F85810012070BC85
:1022900070470B6853B32C684B6890F8386024F48F
:1022A00060441C4344EA46342C600468B4F1A04FF7
:1022B0001CBF264B9C4204D1324B1C68D3F8003122
:1022C00007E0304BD3F80044D3F80065D3F800366C
:1022D0003443234313F001032ED12E682A4B0C689C
:1022E00089681E4026430E432E6025E02B6823F4A8
:1022F00060432B600168B1F1A04F1CBF134B9942A2
:1023000004D120490B68D1F8001107E01D49D1F82C
:102310000034D1F80045D1F800162343194311F0D9
:10232000010109D12B6818490B402B6004E0C26DF4
:1023300042F02002C2650122002180F858101046A8
:1023400070BC704700000000000400500001005005
:102350000040100400F0FF03FFFF070000007F4073
:102360000000088008030050000021C31000C09046
:1023700000060050E805002047ACC5A7000052C782
:10238000000084CB08000050E0F0FFFF10B504000F
:1023900001D1012010BD94F8210028B9002184F852
:1023A0002010204601F041FD00206062A060206105
:1023B00000216160E1606161012084F8210000205A
:1023C00010BD00EB4100B0F93200704710B50400B9
:1023D00001D1012010BD207920B900216171204672
:1023E00001F036FD022020710021216101202071C1
:1023F000002010BD2DE9F04104460E466079012809
:1024000008BF022000F0C880012161710220207104
:1024100002F01005B068042827D1002A3CD104F04E
:1024200029FC07462068416B080405D504F022FC0E
:10243000C01B0128F6D937E0012003F00BFA206811
:10244000716A016440F2FF332068816CB26AAB406C
:102450009943AA4011438164FF232068C16CF26A4A
:10246000AB409943AA401143C164F069012808D1E7
:102470002068816B326A1F23AB409943AA40114305
:10248000816307202168CF6BB169A8408743C807E3
:1024900019D54FF0000822E02068416B00290BD5C8
:1024A00004F0E8FB0128F7D9216941F00801216116
:1024B00003202071BDE8F081012003F0CBF92168F1
:1024C000706A4864BEE7880748BF4FF0010806D429
:1024D0007069B0F1010868EB08084FEAD878B16874
:1024E0007069014348EA01084FF48072AA403179CB
:1024F0009743012908BF48F480784FF40071A94040
:1025000070798F43012808BF48F4007830680228AA
:1025100027F440470DD104F0F0F92049884228BF44
:1025200047F4004706D21E49884203D347F4804748
:1025300000E00743216808FA05F00743CF634FF432
:10254000804122681068A9408843106040F6FE72FE
:1025500020680168F368AA409143AB4019430160C9
:10256000C02221680868AA409043086040F60F72B4
:102570002068016E3369AA409143F2689B01C2F35F
:10258000830203F470631A4302FA05F50D430566EE
:102590000121217100206071BDE8F0810168890985
:1025A00001B4C40430B5040081B031D094F85C00AB
:1025B00028B9002184F85D10204601F077FC2168DD
:1025C000886920F01000886104F054FB05462068FB
:1025D00081690A0705D504F04DFB401B0B28F6D393
:1025E0000FE0816941F00101816104F043FB054680
:1025F00020688269D1070ED404F03CFB401B0B28F5
:10260000F6D3216E41F001012166032084F85C00BD
:10261000012001B030BD826942F00202826121686E
:102620005C48814202D161685B480160217C0129DC
:10263000216888690CBF20F0400040F040008861AC
:102640002168607C012888690CBF40F4804020F438
:10265000804088612168A07C012888690CBF20F433
:10266000805040F48050886122689169A06821F40C
:102670004071014391612168886920F0A40088615C
:102680002168086920F010000861E068012804D181
:102690002168886940F0040013E098B1216802289D
:1026A00088690CD040F0800088612168086940F09A
:1026B00010000861E068032804D12168886940F0AF
:1026C00020008861E069A1696269401E491E00021C
:1026D00040EA4160216A491E08432168521E40EACF
:1026E0000240C861A068B0F5407F0FD1A06AE16ADE
:1026F000401E491E40EA0120216B626A491E40EAE1
:1027000001102168521E40EA0240C8602168D1F8D9
:10271000C020E06B0243C1F8C02021681F4A204856
:10272000914208BF1F4803D01F4A914208BF1F486B
:102730002064D1F88030626B23F4F81343EA02433B
:10274000C1F8803000F1700161642368D3F8801013
:10275000A26B21F0706141EA026100F51872C3F8C2
:102760008010226500F5C471E16400F1B00300F54A
:102770001E71A364616500F55472002140F8041BCA
:102780009042FAD3A1652166012084F85C0001B073
:10279000002030BD0064004000650040006800403B
:1027A00000A4004050A70040006C0040A0AA0040D8
:1027B00070B490F85C20012A18BF022A1ED14B6821
:1027C0004E690C69CD688A680968920759B9006C2E
:1027D00042EAC56242EA044200EB830032430260EF
:1027E000002070BC7047406C00EBC300324344EAE9
:1027F000457404604260002070BC7047016E41F077
:1028000002010166012070BC704730B490F85C4052
:10281000012C11D10568029CD5F88000800944EA9A
:10282000801444EA011444EA820444EA4304C5F8EB
:102830008040002030BC7047016E41F00401016609
:10284000012030BC704790F85C20012A0BD1022196
:1028500080F85C1002689169490849009161002282
:10286000026600207047016E41F0040101660120FC
:1028700070470000F0B590F85C30022B57D1036828
:10288000D3F8C450AC0205D5016E41F40071016665
:102890000120F0BDD3F8C4400B698E681E43C4F319
:1028A00001454B680C68002B0EBF46EA8446264360
:1028B00046F080460B6ACF694C6947EA03678B692B
:1028C0001F43CB6827433B43476D05EBC50407EB2C
:1028D000C40707F108043E607B600027CB680FF255
:1028E00000464FEA134C16F80C30BBB192F802E0E8
:1028F000D3784FEA0E4E4EEA036E537812F804CBAB
:102900004EEA03234CEA030344F8043B3F1DCB6823
:102910004FEA134C16F80C309F42E7D301680122AE
:1029200002FA05F5C1F8CC5085650020F0BD016EB6
:1029300041F0080101660120F0BD0000F0B590F8FB
:102940005C40022C40F097804029056810D1D5F8F2
:10295000904014F00F0F05D1016E41F480710166B3
:102960000120F0BDD5F89040866CC4F301250FE03E
:10297000D5F8984014F00F0F05D1016E41F4807125
:1029800001660120F0BDD5F89840C66CC4F301255E
:1029900005EBC50406EBC406346814F080445460AB
:1029A00037680CBFC7F38A4727F0604717604FF0BE
:1029B000000C376807F00057976056F8044B04F096
:1029C000004414613768BFB2D761346804F47024DE
:1029D000D460376807F480175761346804F4001432
:1029E00094613768C7F3066414620FF2F42756F84F
:1029F000044BE40F5462D2F80C404FEA144E17F81F
:102A00000E407CB316F80C4003F80C400CF1010C9E
:102A1000D468240C3C5DA44524D216F80C4003F87D
:102A20000C400CF1010CD4684FEA144E17F80E401C
:102A3000A44517D216F80C4003F80C400CF1010C19
:102A4000D468240C3C5DA4450CD216F80C4003F865
:102A50000C400CF1010CD4684FEA144E17F80E40EC
:102A6000A445CFD3006840290CBFC0F89450C0F8EB
:102A70009C500020F0BD016E41F00801016601206C
:102A8000F0BD70B490F85C30012B18BF022B67D1F9
:102A900003689C6D11F0070F01D0E5071DD511F0FB
:102AA000380F01D0A50718D511F4E07F01D06507D4
:102AB00013D511F4F05F01D025070ED511F4604F46
:102AC00001D0E50609D511F4403F01D0A50604D593
:102AD00011F47C0F05D0660603D4DD6D45F00105C9
:102AE000DD6511F0070F01D0E3071DD411F0380F99
:102AF00001D0A30718D411F4E07F01D0630713D4E9
:102B000011F4F05F01D023070ED411F4604F01D00F
:102B1000E30609D411F4403F01D0A30604D411F414
:102B20007C0F06D0630604D50468E36D43F002030E
:102B3000E3650B0605D50468D4F8DC301343C4F80C
:102B4000DC30CB0505D50468D4F8E0301A43C4F86E
:102B5000E0200268506D01435165002070BC704751
:102B6000016E41F002010166012070BC70472DE941
:102B7000F043074681B03868016D446D0C40016D2B
:102B8000456D0D40016DD0F8548008EA010101F057
:102B90003808016D466D0E40016DD0F8549009EA79
:102BA000010101F46029016D4A0604F4E05405F0C6
:102BB000070506F4710607D5416D4A0604D5402184
:102BC0000165384604F05CF83868016DCB050DD519
:102BD000426DD1050AD5D0F8D810D0F8E0304FF4C6
:102BE000807202651940384604F04BF82CB1386801
:102BF00004652146384604F045F82DB1386805656E
:102C000029463846FEF7BEFAB8F1000F06D03868FC
:102C1000C0F850804146384604F035F83868016DF8
:102C20008A0508D5416D8A0505D54FF40071016507
:102C3000384604F029F83868016D0B060CD5426D52
:102C4000110609D5D0F8D410D0F8DC308022026506
:102C50001940384604F019F83868016D8A0408D51F
:102C6000416D8A0405D54FF400510165384604F0E2
:102C70000DF83868016D0A0408D5416D0A0405D5C0
:102C80004FF400410165384604F001F83868026DE0
:102C9000510409D5436D5A0406D54FF480410165AE
:102CA000386E40F080003866B9F1000F06D0386801
:102CB000C0F850904946384603F0EAFF26B138681C
:102CC0000665396E0E433E66386E28B1384601B04F
:102CD000BDE8F04303F0DDBF01B0BDE8F0830000C4
:102CE0000001020304050607080C101418203040E8
:102CF00030B581B0040008BF012053D00021A1628B
:102D000094F85D0020B984F85C10204601F010F9B9
:102D1000022184F85D102168086820F040000860F6
:102D2000E168B1F5E06F04D90022B1F5706F03D10D
:102D300004E04FF4805201D00020A062206B30B933
:102D4000B1F5E06F87BF0221216301202063636832
:102D5000A06821692568034360690B43A1690343A7
:102D600001F40071E0690B43216A0343A06A0B433D
:102D700003432B60A369606A616B1B0C03F00403BF
:102D80000343E0680B4303431A4323685A602168F6
:102D9000C86920F40060C86100212166012084F820
:102DA0005D00002001B030BD2DE9F0470646012549
:102DB00096F85C000C4691464FF00008012808BFC9
:102DC000022000F026811F4686F85C5003F052FF77
:102DD00096F85D20012A82460AD07068B0F5827F9D
:102DE00002BFB0680028042A02D04FF0020809E1AF
:102DF000002C18BFB9F1000F00D00FB9A84601E1AF
:102E000096F85D0004281CBF052286F85D2000208E
:102E10003066C6F84090A6F84670A6F84470B463D1
:102E2000F787B787F064306540F20172F06890422E
:102E300038BF022F04D33368586820F4805003E071
:102E40003368586840F480505860306803685C0606
:102E500003D4036843F040030360F3687068089C80
:102E6000934249D3002818BF012F09D1B26B3068B3
:102E70001188C160B16B881CB063F18F481EF08768
:102E8000F08F28B131688868820715D505E000BF4A
:102E9000B6F846000028F5D1AAE0F08F002818BF48
:102EA000002D09D0B26B1088C8600025B16B881C5A
:102EB000B063F18F481EF08731688868C2070FD56C
:102EC000B6F8460060B1C968306C01800125326CEB
:102ED000911C3164B6F84600B0F10101A6F8461025
:102EE00003F0C8FEA0EB0A00A042C9D314F1010F01
:102EF000C6D04FF0030885E0002818BF012F14D179
:102F0000B26B3068F18F022907D31288C260B16BAF
:102F1000881CB063F18F881E06E011780173B26BD4
:102F2000501CB063F18F481EF087F08FA0B131685C
:102F3000886882071ED5F08F002818BF002D19D091
:102F4000B26BF08F02280CD31288CA60B06B811C60
:102F5000B163F08F811E0BE0B6F846000028E6D181
:102F600046E012780A73B06B411CB163F08F411ECA
:102F7000F187002531688868C20727D5B6F8460072
:102F800020B3306CB6F84620022A13D3C9680180FA
:102F9000306C821C3264B6F84600811EA6F84610DA
:102FA000B6F8460002280FD23168486840F48050D5
:102FB000486009E0097B0170306C421C3264B6F84D
:102FC0004600411EA6F846105FF0010503F052FED0
:102FD000A0EB0A00A04205D2002CA6D14FF00308B6
:102FE00010E000BF14F1010F9FD04FF0030809E07B
:102FF00052462146304600F00EF818B120204FF01E
:1030000001083066012186F85D10002086F85C001A
:103010004046BDE8F08770B505460C461646286860
:10302000816811F4C05F30D014F1010FF7D003F0C4
:1030300021FE801BA04201D2002CF0D128684168FB
:1030400021F0E00141606868B0F5827F0BD1A8688B
:10305000B0F5004F18BFB0F5806F04D12868016843
:1030600021F040010160A86AB0F5005F09D128682D
:10307000026822F4005202602868016841F400519D
:103080000160012285F85D2072E0286881680806E9
:1030900038D514F1010FF8D003F0ECFD801BA042ED
:1030A00001D2002CF1D12868416821F0E001416093
:1030B0006868B0F5827F0BD1A868B0F5004F18BFE3
:1030C000B0F5806F04D12868016821F040010160EB
:1030D000A86AB0F5005F09D12868016821F40051A1
:1030E00001602968086840F400500860012185F8F3
:1030F0005D10002285F85C20286E40F020002866D4
:10310000032070BD2968886810F4C06F39D0087B2F
:1031100014F1010FF6D003F0ADFD801BA04201D2E7
:10312000002CEFD12968486820F0E000486068680A
:10313000B0F5827F0BD1A868B0F5004F18BFB0F58D
:10314000806F04D12968086820F040000860A86AF0
:10315000B0F5005F09D12868016821F400510160D1
:103160002968086840F400500860012185F85D1066
:10317000002085F85C000320296E41F020012966BB
:1031800070BD002070BD00000100020010B50400F9
:1031900001D1012010BD94F83D0028B9002184F828
:1031A0003C10204600F0F3FE022084F83D00211D73
:1031B000206800F03CFA012084F83D00002010BD9A
:1031C0000068DFF85820C16841F00101C1608168E2
:1031D0000A40062A18BFB2F5803F03D0016841F0CB
:1031E000010101600020704710B5040001D10120E9
:1031F00010BD94F83D0028B9002184F83C10204609
:1032000003F048FD022084F83D00211D206800F0F5
:103210000EFA012084F83D00002010BD07000100D7
:10322000F0B581B004000D4608BF012041D094F8EC
:103230003D0028B9002184F83C10204600F010FF22
:10324000022084F83D002268DFF880039168014085
:103250009160211D206800F0EAF92268DFF8701300
:1032600093689669176AA8680E400643A869DFF854
:10327000641346EA0026E8680E400643E8692969B7
:1032800046EA0026286A46EA011646EA00366868D9
:10329000696927F0AA0707432868034347EA01172B
:1032A000936021688E6101212068076284F83D10D7
:1032B000002001B0F0BD10B50446206802699107F6
:1032C00016D5C268910713D56FF002020261012181
:1032D0002177806910F0030F204602D003F0DBFC59
:1032E00004E003F0D9FC204603F0D7FC002020774F
:1032F00020680269510716D5C268510713D56FF0CF
:103300000402026102212177806910F4407F204687
:1033100002D003F0C0FC04E003F0BEFC204603F042
:10332000BCFC0020207720680269110716D5C2680E
:10333000110713D56FF00802026104212177C069DB
:1033400010F0030F204602D003F0A5FC04E003F0C8
:10335000A3FC204603F0A1FC00202077206801692F
:10336000CA0616D5C168CA0613D56FF010010161EF
:1033700008222277C06910F4407F204602D003F073
:103380008AFC04E003F088FC204603F086FC002061
:10339000207720680169CA0708D5C168CA0705D522
:1033A0006FF0010101612046FDF70CFF2068016903
:1033B0000A0608D5C1680A0605D56FF080010161CB
:1033C000204603F06BFC20680169CA0508D5C16876
:1033D0000A0605D56FF480710161204603F05FFC99
:1033E000206801694A0608D5C1684A0605D56FF00C
:1033F00040010161204603F053FC206801698A0600
:1034000008D5C1688A0605D56FF020010161204604
:1034100003F047FC20680269D10208D5C268D102D6
:1034200005D56FF480120261204603F03BFC206852
:103430000269910208D5C268910205D56FF40012A5
:103440000261204603F02FFC206801694A0208D57A
:10345000C1684A0205D56FF480010161204603F07E
:1034600023FC206801690A020AD5C1680A0207D54F
:103470006FF4000101612046BDE8104003F015BC67
:1034800010BD000030B5044681B094F83C000D46F4
:10349000012808BF022000F09780012184F83C1029
:1034A0000220142A84F83D0000F28780DFE802F051
:1034B0000B8585851F85858534858585488585852A
:1034C0005D85858571002068294600F01EF9216818
:1034D000886940F0080088612168886920F004004C
:1034E00088612268916928690143916165E02068DB
:1034F000294600F05BF92168886940F40060886122
:103500002168886920F480608861206881692A695F
:1035100041EA0221816150E02068294600F08DF9DE
:103520002068C16941F00801C1612068C16921F0CA
:103530000401C1612268D16928690143D1613CE07D
:103540002068294600F0B9F92068C16941F400619A
:10355000C1612168C86920F48060C8612068C169C0
:103560002A6941EA0221C16127E02068294600F06A
:10357000E4F92168086D40F0080008652168086DCD
:1035800020F0040008652268116D28690143116567
:1035900013E02068294600F000FA2168086D40F425
:1035A000006008652168086D20F480600865206867
:1035B000016D2A6941EA02210165012084F83D007C
:1035C000002184F83C10002001B030BDF8BFFEFFA0
:1035D000FCFCFFFF0303FFFF10B5044694F83C001A
:1035E000012801D1022010BD012284F83C200220D4
:1035F00084F83D00204600F000FA38B1012184F83B
:103600003D10002084F83C00012010BD2168C868EE
:1036100020F04000C8602168C86820F48040C8607D
:10362000012184F83D10002084F83C0010BD30B426
:103630000468DFF88034984218BFB0F1804F12D090
:10364000DFF87454A8421CBFDFF8882490420AD0E7
:10365000DFF88454A8421FBFDFF860249042DFF8EF
:103660006C54A84218D124F070024C68144398425C
:1036700018BFB0F1804F1FD0DFF83C2490421CBF30
:10368000DFF85054A84217D0DFF84C2490421CBFFA
:10369000DFF82854A8420FD0DFF8242490421CBF42
:1036A000DFF82054A84207D0DFF81C2490421CBF4A
:1036B000DFF81854A84203D124F44072CC681443B4
:1036C0004A6924F080041443046098428C68C46200
:1036D0000A6882621CBFDFF8E443A0420FD0DFF823
:1036E000E03398421CBFDFF8DC23904207D0DFF8BC
:1036F000D83398421CBFDFF8D423904201D10B6924
:1037000003630121416130BC7047F0B4026A520882
:1037100052000262066A43688569DFF8C0230C68BC
:1037200015402C438D6826F002063543DFF884638C
:10373000B0421CBFDFF8842390420FD0DFF88073C3
:10374000B8421CBFDFF87C23904207D0DFF87873C3
:10375000B8421CBFDFF87423904216D1CA6825F026
:103760000805154325F00405B0421CBFDFF84C7373
:10377000B8420ED0DFF84863B0421FBFDFF84423E1
:103780009042DFF84463B04203D0DFF84023904218
:1037900005D14A6923F440731A438B69134343608C
:1037A0008461496841630562F0BC7047F0B4026A05
:1037B000DFF82C3322F010020262046A4568866941
:1037C0000A68334043EA02238A6824F0200444EA6A
:1037D0000214DFF8E02290421FBFDFF8E072B84227
:1037E000DFF8E862B0420CD1CE6824F0800444EAED
:1037F000061424F0400490421CBFDFF8C02290421F
:103800000DD0DFF8BC62B0421CBFDFF8B822904296
:1038100005D0AD4EB0421CBFAC4A904206D14E69B5
:103820008A6925F44065164345EA8605456083614B
:10383000496881630462F0BC7047F0B4026A22F404
:1038400080720262046A4368C669A44A0D6824F45F
:10385000007416408A6844EA02243543954A90422F
:103860001FBF964FB842994EB0420BD1CE6824F498
:10387000006444EA062424F4806490421CBF8F4A0A
:1038800090420BD08E4EB0421CBF8E4A904205D063
:103890008D4EB0421CBF8D4A904206D14E698A6956
:1038A00023F44053164343EA06134360C561496855
:1038B000C1630462F0BC70470000F0B4026A884B38
:1038C00022F480520262046A4568C6690A6833407D
:1038D00043EA02238A6824F4005444EA0234754A15
:1038E00090421FBF754FB842784EB0420BD1CE68A0
:1038F00024F4004444EA063424F4804490421CBF7B
:103900006E4A90420BD06E4EB0421CBF6D4A904240
:1039100005D06D4EB0421CBF6C4A904206D14E6934
:103920008A6925F44045164345EA86154560C3611A
:10393000496801640462F0BC704770B4026A5D4E6D
:1039400022F480320262046A4368056D654A1540BC
:103950000A682A438D6824F4003444EA0544B042DE
:103960001CBF564DA8420BD0554EB0421CBF554D02
:10397000A84205D0544EB0421CBF544DA84204D1B9
:103980004D6923F4803343EA0523436002654968A7
:103990008164046270BC7047000070B4026A22F453
:1039A00080120262036A4468066D4F4A0D68324015
:1039B00042EA05228D683F4E23F4001343EA055383
:1039C000B0421CBF3D4DA8420BD03D4EB0421CBF83
:1039D0003C4DA84205D03C4EB0421CBF3B4DA842D6
:1039E00004D14D6924F4802444EA852444600265AE
:1039F0004968C164036270BC704730B404683448DD
:103A0000A5684A68394B0540154308681D400543C1
:103A1000A5604A68402A11D0502A24D0602A34D0A8
:103A2000702A44D108698A68CB68A16821F47F4173
:103A30000B431A4342EA0022A26038E008680528D6
:103A400014BFB0F1011F012032D0206A226A52084F
:103A500052002262A269096922F0F00242EA0112D0
:103A6000A261206223E008698968226A236A5B08F0
:103A70005B00236222F00A02A36923F0F00343EA09
:103A80000013A3611143216211E008698968226A69
:103A900022F010022262A369226A23F4704343EAEF
:103AA000003322F0A002A36142EA01122262002048
:103AB00030BC7047002C014000040040003401403D
:103AC00000400140004401400048014000500140D6
:103AD0008FFFCFFF00080040000C00408CFFFEFF6E
:103AE000FF8CFFFE8FFFFEFFFF8FFFFEF8FFFEFF44
:103AF00070B490F83C20012A08BF022029D001238D
:103B000080F83C30022280F83D200468DFF8EC3178
:103B10006668A5689C421FBFDFF8E4219442DFF885
:103B2000E4319C4203D126F470024E6816430A4BDE
:103B30008A6809681E4025F080050E4315436660BB
:103B400001230268956080F83D30002180F83C1028
:103B5000002070BC704700008FFFFFFD70B490F82C
:103B60003C20012A08BF022052D0012280F83C20CC
:103B7000CC688A684B68614D24F44074144324F483
:103B800080641C430A680B6924F40064144324F421
:103B900080541C434A690B6B24F40054144324F4EE
:103BA000804423438A69046823F4702343EA024370
:103BB000AC421FBF524A9442524EB44208D123F045
:103BC0008052CB691343AC421CBF4D4EB44202D06D
:103BD0004C4A944217D18A6A23F4700343EA025391
:103BE0000A6A23F08073134323F000764B6A334351
:103BF000AC421FBF424A9442424DAC4203D123F033
:103C00000052CB6A13436364002180F83C1000200B
:103C100070BC7047F0B490F83C30012B08BF022014
:103C20006AD0012480F83C401368012B0ED0022B8F
:103C300011D0042B13D0082B16D0102B19D0202B09
:103C40001CD0402B1ED0802B20D023E000244FF42A
:103C50000075092622E04FF480650A261EE0022442
:103C60004FF400650B2619E003244FF480550C2611
:103C700014E004244FF400550D260FE00524002520
:103C800000260BE006240025002607E00724002577
:103C9000002603E00023002500240026012902D08D
:103CA000022913D024E00168D1F860C057682CEADB
:103CB000030C07FA04F42340926843EA0C03AB4375
:103CC00002FA06F635402B430B6611E00168D1F885
:103CD00064C057682CEA030C07FA04F42340926886
:103CE00043EA0C03AB4302FA06F635402B434B661E
:103CF000002180F83C100020F0BC7047002C0140EF
:103D0000003401400050014000B5DFF8840481B068
:103D1000816841F001018160816801F00101009139
:103D2000009A016841F080510160006800F0805005
:103D3000009004200099FDF77BFCDFF85814086818
:103D400020F48040086001B000BD10B586B0044684
:103D5000142100226846FDF72BFB2168B1F1A04F2A
:103D600037D1DFF83414DFF834040A68521C012A12
:103D700008D1046844F400540460036803F4005359
:103D80000593059B046844F004040460036803F091
:103D900004030593059B046844F0010404600324B4
:103DA000006800F0010005900220059B00900023B0
:103DB00002930A6001946946DFF8E403FDF73EFBD5
:103DC0000720009000220194029269464FF0904033
:103DD00027E0DFF8D003814225D1DFF8BC13DFF8FC
:103DE000BC030A68521C012A08D1046844F4005438
:103DF0000460036803F400530593059B046844F0D2
:103E0000040404600324006800F00400059004200A
:103E1000059B009000230A60019402936946DFF835
:103E20008003FDF70BFB06B010BD81B00168DFF821
:103E3000780381420AD1DFF87403016841F0080178
:103E40000160006800F008000090009801B0704721
:103E500010B586B004461421002201A8FDF7A8FA87
:103E60002368DFF84C138B421ED1DFF83003026861
:103E700042F480320260016801F480310091009ABE
:103E8000016841F0010101600322006800F00100B7
:103E9000009030200099019000210391029201A925
:103EA0004FF09040FDF7CAFA06B010BD10B586B0CD
:103EB00004461421002201A8FDF77AFA2368DFF8EE
:103EC000F4128B4232D1DFF8D402C16841F00071A4
:103ED000C160C16801F000710091009A016841F071
:103EE000020101600222006800F0020000904FF41D
:103EF0004050009901900021039104910292092100
:103F0000059101A9DFF8B002FDF798FA002200211F
:103F10005620FDF797FB5620FDF7BDFB0022002140
:103F20005720FDF78FFB5720FDF7B5FB06B010BDFE
:103F300010B586B004461421002201A8FDF738FA16
:103F40002368DFF878128B421FD19448416941F40D
:103F500080514161416901F480510091009A0168EA
:103F600041F0400101600222006800F04000009032
:103F70001C200099019000210391049102920521D7
:103F8000059101A98E48FDF759FA06B010BD10B58C
:103F900086B004461421002201A8FDF709FA206822
:103FA0008849884222D17D48416941F400614161DC
:103FB000416901F4006100910099026842F0100229
:103FC00002601222006800F0100000904FF4804060
:103FD000009902920121039101900621002205918E
:103FE000049201A97848FDF729FA2FE07749884221
:103FF00010D16A49C86840F02000C8600022C86833
:1040000000F020000090002100983720FDF71AFBF7
:10401000372021E06E4988420BD16049486940F45D
:1040200000304861486900F400300090009806B004
:1040300010BD6849884211D15849486940F4802030
:104040004861486900F48020009000980022002117
:104050001A20FDF7F7FA1A20FDF71DFB06B010BD78
:1040600010B586B004461421002201A8FDF7A0F97E
:104070002168B1F1804F1FD14848C16841F001016A
:10408000C160C16801F001010091009A016841F02E
:10409000080101600222006800F00800009018206A
:1040A000009901900021039104910292022105914F
:1040B00001A94948FDF7C2F906B010BD10B586B098
:1040C0000446142100226846FDF772F923683D4931
:1040D0008B422DD13148026842F002020260016831
:1040E00001F002010591059A016841F001010160AA
:1040F0000222006800F0010005904FF4004005998D
:1041000000900421049101920292039269462A4888
:10411000FDF794F902210191029103914FF4F850B7
:104120000621009004914FF090406946FDF786F912
:1041300006B010BD10B586B004461421002201A8B7
:10414000FDF736F9236825498B421FD11348416991
:1041500041F480414161416901F480410091009A3C
:10416000016841F0100101600222006800F01000B7
:104170000090032000990190002103910491029284
:104180000721059101A91048FDF758F906B010BDA7
:104190005810024008700040501400204C1002409B
:1041A0000008004800010050000C02404810024086
:1041B0000008005000680040000400480030014042
:1041C00000180048002C0140001000480014004076
:1041D0000044014000480140000C00480038014004
:1041E00010B5040015D0D4F8800028B9002184F857
:1041F0007C102046FFF79EFF2421C4F88010216820
:104200000868400840000860204600F01DF80128BA
:1042100001D1012010BDA06A10B1204600F0B4FD0C
:104220002168486820F4904048602168886820F040
:104230002A0088602168086840F001000860204674
:10424000BDE8104000F003BEF0B5054681B02A6815
:10425000DFF8100B1368A968034028690B436969EC
:104260000343E8690B43696E03430B431360002665
:104270005368E868DFF8F01A23F4405303435360AF
:104280000024AB698A421CBF286A03439768DFF8A1
:10429000DC0A07403B439360DFF8D47AD36A686A4C
:1042A0001B0940EA0313BA42D36226D1DFF8C43AAD
:1042B000186800F00300032833D8DFE800F0026D2F
:1042C0005B820127E869B0F5004F40F0EB83082FCF
:1042D00000F2D983DFE817F00900D4021103D703F5
:1042E0005803D703D703D703950302F009FB014610
:1042F000686A002840F08C82B7E2DFF87C7ABA4224
:1043000027D1DFF8703A186800F00C000C2808D8A4
:10431000DFE800F06A0707074207070730070707CB
:10432000570010278A42CDD1082F00F20E85DFE812
:1043300017F009000C059C000C05D8000C050C05B5
:104340000C050D0102F0DCFA0146686A00284DD127
:1043500079E0DFF8287ABA420ED1DFF8183A186807
:1043600010F0300040D0102816D0202802D030287D
:1043700027D0D6E70227D5E7DFF8040A82420DD11D
:10438000DFF8F0793B6813F0C0032DD0402B03D049
:10439000802BEFD0C02BEBE70427C3E7DFF8E479ED
:1043A000BA4210D1DFF8CC39186810F440701BD035
:1043B000B0F5807FF0D0B0F5007FDBD0B0F5407F66
:1043C000AFD10827AEE78A42ABD1DFF8A839186829
:1043D00010F4406008D0B0F5806FDDD0B0F5006F0C
:1043E000C8D0B0F5406FC3E700279BE7012808BF9E
:1043F000022029D0022808BF042025D0032808BFA6
:10440000062021D0042808BF08201DD0052808BF99
:104410000A2019D0062808BF0C2015D0072808BF8D
:10442000102011D0082808BF20200DD0092808BF6F
:10443000402009D00A2808BF802005D00B2808BFDB
:104440004FF4807000D00120B1FBF0F0002800F0A4
:104450007D846A6802EB42039842C0F076841103BF
:10446000814280F0BA8000F070BC686AB0B3012865
:1044700008BFDFF8940AECD0022808BFDFF88C0AE6
:10448000E7D0032808BFDFF8880AE2D0042808BF75
:10449000DFF8800ADDD0052808BFDFF87C0AD8D015
:1044A000062808BFDFF8740AD3D0072808BFDFF852
:1044B000700ACED0082808BFDFF8680AC9D00928DA
:1044C00008BFDFF8640AC4D00A2808BFDFF85C0A16
:1044D000BFD00B2808BF4FF22440BAD0DFF8500AF3
:1044E000B7E702F0DBF90146686A68B3012808BF44
:1044F0000220A9D0022808BF0420A5D0032808BFA5
:104500000620A1D0042808BF08209DD0052808BF98
:104510000A2099D0062808BF0C2095D0072808BF8C
:10452000102091D0082808BF20208DD0092808BF6E
:10453000402089D00A2808BF802085D00B2808BFDA
:104540004FF480703FF480AF01207DE7686A002857
:1045500040D0012808BF4FF480403FF47AAF0228D2
:1045600008BF4FF400503FF474AF032808BF41F276
:1045700055503FF46EAF042808BF4FF480503FF40D
:1045800068AF052808BF40F6CC403FF462AF06286C
:1045900008BF40F6AA203FF45CAF072808BF4FF4DD
:1045A00000603FF456AF082808BF4FF480603FF426
:1045B00050AF092808BF4FF400703FF44AAF0A28F3
:1045C00008BF4FF480703FF444AF0B2808BF802031
:1045D0003FF43FAF4FF400403BE7082F00F211815A
:1045E000DFE817F009000F0147000F0189000F01F4
:1045F0000F010F01C70002F083F90146686A60B33A
:10460000012808BF022029D0022808BF042025D095
:10461000032808BF062021D0042808BF08201DD089
:10462000052808BF0A2019D0062808BF0C2015D07D
:10463000072808BF102011D0082808BF20200DD05F
:10464000092808BF402009D00A2808BF802005D0CB
:104650000B2808BF4FF4807000D001206A68B1FBBE
:10466000F0F65008002110EB062051EB16610023F4
:10467000BEE0686A002836D0012808BFDFF8B468B9
:1046800033D0022808BFDFF8B0682ED0032808BF57
:10469000DFF8A86829D0042808BFDFF8A46824D070
:1046A000052808BFDFF89C681FD0062808BFDFF880
:1046B00098681AD0072808BFDFF8906815D0082836
:1046C00008BFDFF88C6810D0092808BFDFF88468BD
:1046D0000BD00A2808BFDFF8806806D00B2808BF77
:1046E000DFF84C6801D0DFF87468002116EB520047
:1046F000614100237CE002F0D1F80146686A60B3B2
:10470000012808BF022029D0022808BF042025D094
:10471000032808BF062021D0042808BF08201DD088
:10472000052808BF0A2019D0062808BF0C2015D07C
:10473000072808BF102011D0082808BF20200DD05E
:10474000092808BF402009D00A2808BF802005D0CA
:104750000B2808BF4FF4807000D001206A68B1FBBD
:10476000F0F65008002110EB062051EB16610023F3
:104770003EE0686AB0B3012808BF4FF4800633D02A
:10478000022808BF4FF400162ED0032808BFDFF818
:10479000D06729D0042808BF4FF4801624D00528FC
:1047A00008BFDFF8C0671FD0062808BFDFF8B8676A
:1047B0001AD0072808BF4FF4002615D0082808BFD4
:1047C0004FF4802610D0092808BF4FF400360BD0D4
:1047D0000A2808BF4FF4803606D00B2808BF4FF4D4
:1047E000004601D04FF40006002106EB52000023E2
:1047F00002F05CFA0646A6F54071DFF870078142C8
:104800009FE20124A6F54071DFF86007814298E23B
:10481000012808BF022229D0022808BF042225D07F
:10482000032808BF062221D0042808BF08221DD073
:10483000052808BF0A2219D0062808BF0C2215D067
:10484000072808BF102211D0082808BF20220DD049
:10485000092808BF402209D00A2808BF802205D0B5
:104860000B2808BF4FF4807200D001226868B1FBAA
:10487000F2F1420802EB4102B2FBF0F6B6B203E1FC
:1048800002F04AF80146686A60B3012808BF0222B4
:1048900029D0022808BF042225D0032808BF0622F9
:1048A00021D0042808BF08221DD0052808BF0A22ED
:1048B00019D0062808BF0C2215D0072808BF1022DF
:1048C00011D0082808BF20220DD0092808BF402297
:1048D00009D00A2808BF802205D00B2808BF4FF452
:1048E000807200D001226868B1FBF2F1420802EB4D
:1048F0004102B2FBF0F6B6B2C6E0686A002840D0CA
:10490000012808BFDFF8281600F0B680022808BF8B
:10491000DFF8F41500F0B080032808BFDFF8501668
:1049200000F0AA80042808BFDFF8E01500F0A4809A
:10493000052808BFDFF83C1600F09E80062808BF57
:10494000DFF8CC1500F09880072808BFDFF8C41501
:1049500000F09280082808BFDFF8C41500F08C80B2
:10496000092808BFDFF8BC1500F086800A2808BFB8
:10497000DFF8B41500F080800B2808BFDFF8AC1515
:104980007AD0DFF8D41577E001F088FF0146686A35
:1049900060B3012808BF022229D0022808BF0422E0
:1049A00025D0032808BF062221D0042808BF0822EA
:1049B0001DD0052808BF0A2219D0062808BF0C22DE
:1049C00015D0072808BF102211D0082808BF2022C0
:1049D0000DD0092808BF402209D00A2808BF80222C
:1049E00005D00B2808BF4FF4807200D00122686800
:1049F000B1FBF2F1420802EB4102B2FBF0F6B6B2B3
:104A000042E0686AB0B3012808BF4FF4004133D0D8
:104A1000022808BF4FF480412ED0032808BF42F679
:104A2000AA2129D0042808BF4FF4005124D005281A
:104A300008BF41F698111FD0062808BF41F2545113
:104A40001AD0072808BF4FF4805115D0082808BF96
:104A50004FF4006110D0092808BF4FF480610BD0DB
:104A60000A2808BF4FF4007106D00B2808BF4FF486
:104A7000807101D04FF48031686801EB5001B1FBC7
:104A8000F0F6B6B200E001244FF6F071A6F1100086
:104A9000884280F05A813140C6F3420001432868C1
:104AA000C16053E1082F00F24681DFE817F00900EA
:104AB000450081004401C700440144014401030151
:104AC00001F01EFF0146686A60B3012808BF022298
:104AD00029D0022808BF042225D0032808BF0622B7
:104AE00021D0042808BF08221DD0052808BF0A22AB
:104AF00019D0062808BF0C2215D0072808BF10229D
:104B000011D0082808BF20220DD0092808BF402254
:104B100009D00A2808BF802205D00B2808BF4FF40F
:104B2000807200D001226868B1FBF2F101EB500104
:104B3000B1FBF0F6B6B2FFE001F0EEFE0146686AA6
:104B400060B3012808BF022229D0022808BF04222E
:104B500025D0032808BF062221D0042808BF082238
:104B60001DD0052808BF0A2219D0062808BF0C222C
:104B700015D0072808BF102211D0082808BF20220E
:104B80000DD0092808BF402209D00A2808BF80227A
:104B900005D00B2808BF4FF4807200D0012268684E
:104BA000B1FBF2F101EB5001B1FBF0F6B6B2C3E09C
:104BB000686A00283FD0012808BFDFF84C0300F0E6
:104BC000B380022808BFDFF8440300F0AD8003285B
:104BD00008BFDFF83C0300F0A780042808BFDFF817
:104BE000340300F0A180052808BFDFF82C0300F093
:104BF0009B80062808BFDFF8240300F09580072873
:104C000008BFDFF81C0300F08F80082808BFDFF81A
:104C1000140300F08980092808BFDFF80C0300F0B6
:104C200083800A2808BFDFF804037DD00B2808BF63
:104C30004FF2244078D0DFF8F80275E001F02EFE44
:104C40000146686A60B3012808BF022229D0022801
:104C500008BF042225D0032808BF062221D004283B
:104C600008BF08221DD0052808BF0A2219D006282F
:104C700008BF0C2215D0072808BF102211D0082821
:104C800008BF20220DD0092808BF402209D00A28D9
:104C900008BF802205D00B2808BF4FF4807200D0D7
:104CA00001226868B1FBF2F101EB5001B1FBF0F6B3
:104CB000B6B241E0686AA8B3012808BF4FF480404B
:104CC00032D0022808BF4FF400502DD0032808BF6F
:104CD00041F2555028D0042808BF4FF4805023D00B
:104CE000052808BF40F6CC401ED0062808BF40F675
:104CF000AA2019D0072808BF4FF4006014D0082854
:104D000008BF4FF480600FD0092808BF4FF400702F
:104D10000AD00A2808BF4FF4807005D00B2808BFBE
:104D2000802001D04FF40040696800EB5100B0FBD7
:104D3000F1F6B6B200E00124A6F110004FF6F071D2
:104D4000884202D22A68D66000E001240120A5F83A
:104D50006A00A5F868000020E866286701B02046D0
:104D6000F0BD0000F369FFCF00800040FFF4FF11A9
:104D700000380140881002400044004000480040D4
:104D8000004C00400050004090F82820D10706D584
:104D900002685368C16A23F400330B43536090F8F0
:104DA0002820910706D502685368016B23F48033ED
:104DB0000B43536090F82820510706D502685368CA
:104DC000416B23F480230B43536090F828100A07AB
:104DD00006D502685368816B23F400430B4353608C
:104DE00090F82820D10606D502689368C16B23F499
:104DF00080530B43936090F828108A0606D5036809
:104E00009A68016C22F400520A439A6090F82820B4
:104E1000510610D502685368416C23F480130B438C
:104E20005360436CB3F5801F05D15368816C23F444
:104E3000C0030B43536090F82820110606D5026882
:104E40005168C06C21F4002101435160704730B5B6
:104E5000044681B00020C4F8880001F00BFF2268EE
:104E60000546106801071FD52068C16988021BD458
:104E700001F000FF401BB0F1007FF5D3206801680E
:104E800021F4D07101602168886840084000886082
:104E90002021C4F880102020C4F88400002184F868
:104EA0007C10032001B030BD2268106841071FD577
:104EB0002068C16948021BD401F0DCFE401BB0F140
:104EC000007FF5D32068016821F4D071016020686B
:104ED00081684908490081602020C4F880002021B1
:104EE000C4F88410002084F87C0001B0032030BD99
:104EF0002021C4F880102020C4F88400002184F808
:104F00007C10002001B030BD00127A0000093D0085
:104F1000AAB0280080841E00006A180055581400AA
:104F200040420F0020A1070090D0030048E8010094
:104F30000024F4000000127A0000093D00AAB02805
:104F40000080841E00006A18005558140040420F6B
:104F50000020A1070090D0030048E801000024F4DD
:104F60000055150000CC0C0000AA0A0000FD0F003F
:104F70005461510000D4300090F87C10012901D117
:104F800002207047012280F87C202421C0F8801084
:104F9000036819681A68520852001A6000234366B1
:104FA00021F00051026811602023C0F880300021F8
:104FB00080F87C100020704700000000F0B584B03D
:104FC00090F87C20012A08BF022047D0012380F8F6
:104FD0007C302422C0F880200468226823685B08A3
:104FE0005B0023600468A36823F060431943A16059
:104FF0000DF1080343A1D1E900E7C3E900E700BFD1
:1050000042A3D3E90054CDE90054416E29B90123EC
:10501000A0F86A30A0F8683017E0036899689E68C5
:10502000760F02AC490EA55D1DF80660ED0001F09B
:10503000070195FBF6F6A0F86A60645C1DF80110A4
:10504000E40094FBF1F1A0F86810202103681A60D5
:10505000C0F88010002280F87C20002004B0F0BD51
:10506000F0B584B090F87C20012A08BF022047D018
:10507000012380F87C302422C0F880200468226854
:1050800023685B085B0023600468A36823F0606307
:105090001943A1600DF108031AA1D1E900E7C3E9A2
:1050A00000E700BF19A3D3E90054CDE90054416ED5
:1050B00029B90123A0F86A30A0F8683017E0036826
:1050C00099689E68760F02AC490EA55D1DF80660D2
:1050D000ED0001F0070195FBF6F6A0F86A60645C4C
:1050E0001DF80110E40094FBF1F1A0F868102021F4
:1050F00003681A60C0F88010002280F87C2000202D
:1051000004B0F0BD0101010307010000080402041E
:105110000801010110B582B001F0EFFB0B490C4C06
:10512000A0FB0112900AFCF7CEFA211D204601F0E7
:10513000D5FE01F0B3FF07480090231D2246012150
:1051400004F1080002F040F802B010BD986E12831E
:10515000D005002068B6000810B5DFF8704620467C
:10516000FDF771FB002201212046FDF78AFC4FF07C
:1051700080420021DFF85806DFF85836426081602F
:105180004FF40022C26001614FF4801242614FF47B
:105190000011002203608161C261026210BD002221
:1051A000022010B5DFF83016DFF820464A6088602C
:1051B0000122CA6000204FF0804308616FF0004276
:1051C0000B604A6182B02046FDF7F2FA012200929C
:1051D0000123022202212046FDF717FBDFF8FC0520
:1051E00000210171C17081704170017002B010BD69
:1051F00070B44688002100220023A6F1650440F225
:105200006B75AC4238BF0121848800EE106A01EE54
:10521000904AB8EE400AF8EE611A80EE210A9FED3E
:10522000311AB4EE410AF1EE10FA07D5DFED560A55
:10523000B4EE600AF1EE10FAA8BF01228079FF28CF
:1052400014BFAA28012311401940481E70BC804198
:10525000C043C00F7047417800220023FF2914BFCC
:10526000AA2901224188002902BF80880028012341
:105270001A40501E8041C043C00F70474FF40022B7
:10528000DFF84C15DFF86405CA600860DFF86025B8
:10529000107881F82400927881F82520DFF84425E1
:1052A000B2F9180000EBD070401081F82600507F52
:1052B00000B9D07EDFF8303581F82700B3F90C3023
:1052C00081F82930181281F82800B2F9142081F8E9
:1052D0002B20101281F82A0001F12402DFF8EC04DF
:1052E000FDF7C8BA9B99193E4FF440300022DFF811
:1052F000E014C8608A8481F8262001F12402DFF8D6
:10530000F834DFF8C8040B60FDF7B4BADFF8C01456
:10531000DFF8E4340B604FF440300022C8608A8428
:10532000012381F8263001F12402DFF8A004FDF703
:10533000A1BADFF89C14DFF8C4340B604FF40022EC
:10534000CA6081F82400002381F82530CB848B6269
:1053500001F12402DFF87404FDF78CBADFF8701451
:10536000DFF89C340B604FF40022CA6081F82400FF
:10537000002381F82530CB848B6201F12402DFF811
:105380004C04FDF777BA000090C2753CF0B5DFF829
:105390007404DFF83C440168C1F3074001F0FF01E9
:1053A000322881B02063616308D0C0F00D823428B8
:1053B00000F06181C0F0298101B0F0BDDFF81C046C
:1053C000DFF844540178297001294378AB71C27821
:1053D000837843EA02236B804279037943EA02230C
:1053E000AB80C279807940EA0220288113D100F095
:1053F0008FFB00F072FD00F091FBDFF8E423DFF893
:10540000E40300231380C3714FF40022DFF8EC3370
:105410002360E2601EE1022940F07F802846FFF70A
:10542000E7FE84F82C00DFF8BC73384600F0B6FDC8
:1054300084F82D0094F82C00012804BF94F82D0066
:10544000012858D1B5F902007880A879FF2808BF53
:10545000012003D0AA2802D14FF0FF3078702889AC
:10546000DFF8A86301F018FFDFF8A423DFF8A43306
:1054700001F020FF01F0F4FFB0600021A888DFF800
:105480009833DFF8982370801A60DFF868030170A2
:10549000DFF88C0300F051FB97F90150B7F90230A7
:1054A000DFF88023718815FB03F383FB020202EB14
:1054B000D27000B200F01EFB00F024FB00F0BAFC3A
:1054C000002101204FF400227977387084F82400FD
:1054D0000020CA4BE26084F82500E084A0622360CB
:1054E00004F124022146B948FDF7C4F9CE4900224F
:1054F0000A7001B0F0BD0020788000F009FB00F0D8
:10550000ECFC00F00BFBB648BC4B002101804FF4D3
:1055100000222360E26002219DE0032914D1B14DF5
:1055200095F9010000F09AFBC049B44B02200870C5
:105530000022B648427102730420EA7128704FF4C9
:1055400000222360E26085E004290CD0052908D1FF
:10555000FFF7CAFEA348A94B827B511E81732360CB
:1055600075E006291CD19F4D0020688000F0D0FA1C
:1055700000F0B3FC00F0D2FA994900200880E871ED
:1055800004202870FFF7C2FEA87B9C49401CA8732A
:1055900001224FF400202160E06084F824205CE0C8
:1055A000072914D18F4D95F9010000F057FB9F4852
:1055B0000222027000219548417101730420E971B3
:1055C0002870FFF7A3FEA87B401CA8733DE00829C4
:1055D00040F0FA804FF40020E0600121874A226009
:1055E000002084F8241084F82500E084A06204F1EF
:1055F000240221467548FDF73DF90A2000F02AF9FA
:1056000001B0BDE8F040FCF751B88948734A894DB4
:10561000012141718848117801700022714842804F
:10562000828002618271427784488271284600F04C
:10563000B1FA284600F0B3FA814801F045FF8148ED
:1056400001F042FF804801F03FFF6C4A22604FF4B6
:105650000020E060012184F8241004F12402214696
:1056600001B0002084F82500E084A062BDE8F0408D
:105670005648FDF7FFB85948744D02782A704178B2
:105680006970C278817841EA0221698042790079A3
:1056900040EA0220A8802878022874D1514E304672
:1056A00000F07CFC84F82D002846FFF7D4FD84F838
:1056B0002C0094F82D0000281CBF94F82C00002822
:1056C00044D00021B18071806878FF2807D16048FC
:1056D000007901280BD002280CD1012009E0AA286A
:1056E00008D15B480079012803D0022802D14FF08D
:1056F000FF307070012184F82E10B171F17100201B
:105700007077002131703161454D284600F015FA5F
:10571000284600F019FA284600F00FFA4FF400214D
:10572000E1600120354A2260002184F8240084F8D9
:105730002510E184A16204F1240221462348FDF7EB
:1057400099F83C480121017101B0F0BD00F0E0F989
:1057500000F0E4F94FF40020E0600221274A2260C3
:10576000002084F8241084F82500E084A06204F16D
:10577000240221461548FDF77DF80020F08001B095
:1057800004203070F0BD01281ED100F0C1F900F0F6
:10579000C5F9134800214FF40022018000200121A7
:1057A000164BE26084F8241084F82500E084A0629F
:1057B000236004F1240221460448FDF75BF8094800
:1057C0000021C1800421017001B0F0BDD40D002082
:1057D000781300200201090EE0130020D8130020E6
:1057E0004C140020280F0020681100202010810791
:1057F00088100020DF100020203034182010790796
:1058000020108207B01300201C140020F813002081
:10581000FCA9F1D24D62503F341400200000204119
:10582000AC100020ABAAAA2AE01000200814002027
:10583000C8100020D010002009140020C010002043
:1058400014010020400100206C0100203C140020C5
:10585000B810002030B581B0054601F00BFA15F103
:10586000010F044602D005498868451901F002FA83
:10587000001BA842FAD301B030BD00BFDC050020F8
:1058800001600271836001F029BE000030B581B073
:1058900004462DED028B207A012823D1A088344ABA
:1058A000002113461D688542A2BF491C5D688542E0
:1058B000A2BF491C9D68854240DB491C0C339629D8
:1058C000F0DB9FED2C8B607801F0E6FC2B4A2C4B33
:1058D00001F0F0FC53EC182B01F0CAFF02F0F0F8D5
:1058E00020706070607A012824D1E088204A00216D
:1058F00002F516731D688542A2BF491C5D6885428A
:10590000A2BF491C9D68854225DB491C0C339629A2
:10591000F0DB9FED188BE07801F0BEFC174A184BC6
:1059200001F0C8FC53EC182B01F0A2FF02F0C8F8FC
:10593000A070E070BDEC028B01B030BD02F5966046
:1059400030F8210001F0A8FC0E4A0F4B01F0B2FC28
:1059500041EC180BB7E702F5966030F8210001F032
:105960009BFC084A084B01F0A5FC41EC180BD2E760
:10597000EC05002000000000B0CCEC40989999990B
:105980009999B93FCDCCCCCCCCCCEC3F70B50026AE
:1059900000240025012905D100F10A06051D00F1AA
:1059A000080406E0022904D100F10B06851D00F170
:1059B000090401F0FAFE70B9307801F0BAFE012056
:1059C000FFF748FF01F0C1FE4FF6FF71884202D099
:1059D00028800120207070BD401E082821D8DFE8F3
:1059E00000F005080B0E1114171A1D0040F61A20BE
:1059F000704740F68960704742F65760704741F241
:105A00006C40704742F24720704743F238107047AD
:105A100041F2E410704742F63970704741F2745019
:105A200070474FF0FF30704700B581B021208DF8EE
:105A300000001820BDF8001002F037F901B05DF841
:105A400004EB0421192002F030B930B581B0FFF722
:105A5000EBFF00214CF21800194D1A4C02F0D1F85E
:105A60002880002144F2190002F0CBF82070298828
:105A70002078ADF800109DF8002002F0AC02202A3A
:105A800003BF00F0E700042801200020607001B08F
:105A900030BD30B581B005460B4C02F01DF92080B9
:105AA00001462846814208D002F025F902F014F997
:105AB0002080A84218BF002000D1012001B030BDD5
:105AC0001A140020541400205614002000B581B090
:105AD000002147F6FE7002F094F8C0F380310029EF
:105AE00014BF4FF0FF30C0F30D0001B000BD8004C3
:105AF000001470470A46024B0146186802F02AB9A2
:105B0000D00500200149086802F02BB9D00500201B
:105B10000149086802F02FB9D00500200149086842
:105B200002F02DB9D005002005221E21427081719E
:105B30000A220021C2710172704700230370837032
:105B4000C3700371437170470022012102724172D8
:105B50007047427A62B1027A52B982798A4207D298
:105B600001210172002303708370C37003714371BC
:105B70007047027A012A05D1C279914202D20023EC
:105B8000037243727047F7FF002303704370438032
:105B90000371704700230370438003717047002135
:105BA0004170704770B504460D46217819B101293E
:105BB00014D0607870BD2079012848D12A5640F66B
:105BC000AC5012FB00F04FF4FA7100B200F0F2FAA0
:105BD000FFF798FF00216180012037E069890120EB
:105BE000322925DB1B4E42F2EA21304602F0CFF883
:105BF0001949304602F0CDF8304602F0CCF895F95C
:105C00000110484340F6AC5202FB00F1304602F06E
:105C1000C4F84FF496606880C82095F9012012FB03
:105C200000F040F24C4100B2FFF764FF02200DE0AB
:105C30006288B2F5FA6F01DB042903DDB2F5166F55
:105C400004DB02206070FFF763FF002020706078A3
:105C500070BD00001401002016DDFFFF01284FF485
:105C60007A710CBF65484FF4FA7000F0A3BA0000D7
:105C7000F0B5044681B0B4F900600D46300048BF6D
:105C80007642B6B20023002000220021A6F1650C66
:105C900040F26B77BC4538BF012300EE106A66887E
:105CA00000EE906AB8EE400AF8EE600A80EE200A34
:105CB0009FED501AB4EE410AF1EE10FA07D5DFED70
:105CC0004E1AB4EE610AF1EE10FAA8BF01206E89F7
:105CD000042ED8BF01226E7F602E14BF5F2E0121DB
:105CE0000340134081F001010B422DD04449454B44
:105CF00045480B6000220270A05E0100CCBF01216C
:105D00004FF0FF3168806970A088404E01F0C4FAFE
:105D10003F4A404B01F0CEFA01F0A2FBB06042F6E0
:105D2000AB2260887080B5F90200618810FB02F236
:105D3000101400EBD070FFF7DDFEFFF7E3FE01B0BB
:105D4000BDE8F04000F076B801B0F0BD00B581B01C
:105D500000204880FFF7DCFE00F0BFF801B05DF8DE
:105D600004EBFFF7DBBEC188B0F9002042F6AB20A0
:105D700012FB00F0001400EBD070FFF7BBBE10B5B3
:105D8000044600212180B4F9040008B90121A18052
:105D90004FF42F72E2800A210020FFF7ABFEFFF7DD
:105DA000B1FE0120E07210BD10B504462088401CF1
:105DB000208081B2E2888A4206D2FFF7A9FEFFF76F
:105DC000ADFE0020E07210BD134A80B232F910100F
:105DD000A08811FB00F0608042F6AB2200B210FBFD
:105DE00002F2BDE8104010140A2100EBD070FFF75A
:105DF00081BE00009B99193E90C2753C0CFEFFFFCE
:105E00003414002000002041DF100020F81300208F
:105E1000FCA9F1D24D62503F6095000810B50446D0
:105E2000FFF776FEFFF77AFE0022E27222806280A0
:105E300010BD000037480022027300210122417189
:105E4000017042700174704730B5324D0446287CB1
:105E500081B080B93049086801F0A1FF012809D15B
:105E60006289B4F902108A4204DB012300222B74F8
:105E70002A736B712871287C012815D1287B95ED38
:105E8000020A00EE900AF8EE600AF4EE400AF1EE23
:105E900010FA20DB94F90100FFF7E0FE0220002158
:105EA00028746971297301E0022814D11A48006826
:105EB00001F075FF012868730DD1618965290ADA3F
:105EC00000206080FFF724FE00F007F8FFF726FEB1
:105ED00012480021018001B030BD0E48032200218C
:105EE000027401800173417170470A490A78782A67
:105EF00000DA704700B581B000214180FFF708FE4D
:105F0000FFF7EBFFFFF70AFE04480021018001B014
:105F100000BD0000F8130020D00500204C14002024
:105F2000C0F3C75181B1FF2906D0C110400721F04D
:105F3000E04101F16051704741020CBF40F4E001C3
:105F40006FF000410020704700F0004100020AD0CD
:105F5000B0FA80FC00FA0CF001F16051A1EB0C5199
:105F600001EBD0214005704741EA030C50EA4C0C8C
:105F700052EA0C0C4FF4001C09D307D01CEB410F64
:105F80009CBF1CEB430F994208BF904270471CEB2B
:105F9000410FFBD88B4208BF8242704770B4B0F902
:105FA000086000220123012400253100B1B244BF62
:105FB00076423146867E042E14BF052E002389B218
:105FC0000529B8BF0122417F01B10024807B00B9BF
:105FD00001251A4022402A40501E70BC8041C04317
:105FE000C00F704710B504461D4801F0E8FE20833D
:105FF00001F0ECFE00EB40014A0011B290B2002922
:1060000044BF084640422281608101F0E5FEE0760F
:1060100001F0E8FE207701F0EBFEA07601F0EEFE45
:1060200000EE100AF8EEC00A9FED0C0A80EE800A1E
:10603000BDEEC00A10EE100AA08201F0E5FE00EEEF
:10604000100AF8EEC00A9FED050A80EE800ABDEE48
:10605000C00A10EE100AE08210BD0000F4FDB43F4B
:10606000340300204D4830B502784D4C012A81B0F0
:1060700003D1002101700120607194F9051022788C
:10608000481C092800F28580DFE800F0502F051A2F
:10609000233443507B4B012262704FF4006141482E
:1060A000FBF79EFA2071002210213F48FBF79FFA70
:1060B00000200221002260802270617101B030BD99
:1060C0006088022828DD032100222270617101B05E
:1060D00030BD00206070354801F071FEB0F5A07F42
:1060E000A8BF042118DA4FF0FF310022227061713D
:1060F00001B030BD00224FF480512A48FBF777FAF7
:10610000C820FFF7A7FB052100222270617101B0B2
:1061100030BD01F07FFE072100222270617101B0C5
:1061200030BD00212270617101B030BD01202070AE
:1061300001224FF480511B481D4DFBF758FA4FF4D4
:106140009670FFF787FB012210211748FBF74FFAE3
:106150004FF49670FFF77EFB012210212846FBF7D3
:1061600046FA4FF49670FFF775FB0022102128467F
:10617000FBF73DFA227894F905102270617101B0A5
:1061800030BD012210210848FBF731FA94F90510BF
:1061900001222270617101B030BD0000091400209D
:1061A000C8100020000C00480014004834030020F0
:1061B000000800480A46024B0146186801F030BE4C
:1061C000D005002030B4DFF8BC1030BB086800F404
:1061D000C060B0F5806FD1F8800020F48070C1F805
:1061E00080004BD10868DFF8A050DFF8A040012202
:1061F00062F34A20086032202A684243A2FB04432B
:10620000D80C401C00E0401E4B695A0501D50028FF
:10621000F9D14869410529D430E0B0F5007F28D193
:10622000086800F4C060B0F5806FD1F8800040F4D9
:106230008070C1F8800021D10868DFF84C50DFF889
:106240004C30012262F34A20086032202A6842431F
:10625000A2FB0334E00C401C00E0401E4B695A05D1
:1062600001D50028F9D14869410507D530BC032084
:1062700070470A68022060F34A220A60002030BC9E
:106280007047000000700040E805002006BD37861A
:106290002DE9F041040082B000F016822178DFF889
:1062A0009066C8071AD5B168F06801F00C010C2996
:1062B0000BD100F00300032809D06068B0F5803FDF
:1062C00030D1306840F480303DE00829F5D13068A5
:1062D000810303D56068002800F0F68121788807E3
:1062E0006AD5B168F06801F00C010C294CD100F0BE
:1062F000030002284AD0E068002800F0828031685C
:1063000041F48071316000F0B5FC05463168480504
:106310006FD400F0AFFC401B0328F7D3032002B07A
:10632000BDE8F081B0F5A02F316806D141F480219D
:106330003160306840F4803005E021F48031316014
:10634000306820F480203060606870B100F092FC0A
:10635000054631688803C1D400F08CFC401B6528D9
:10636000F7D3032002B0BDE8F08100F083FC0546BE
:1063700031688803B2D500F07DFC401B6528F7D357
:10638000032002B0BDE8F0810429B4D13068410592
:1063900003D5E068002800F097817168206921F03A
:1063A000FE4141EA00617160DFF89015086800F075
:1063B0003BFC002840F088812078010749D56069BE
:1063C0000028D6F894002FD040F00100C6F89400C1
:1063D00000F050FC4FEA0005D6F89410880738D436
:1063E00000F048FC401B0328F6D3032002B0BDE8B0
:1063F000F0817168206921F0FE4141EA006171601D
:10640000DAE7306820F48070306000F033FC054635
:1064100031684805D0D500F02DFC401B0328F7D388
:10642000032002B0BDE8F08140084000C6F89400A7
:1064300000F020FC4FEA0005D6F89410880708D534
:1064400000F018FC401B0328F6D3032002B0BDE87F
:10645000F0812178480772D5B16D0025C80009D4B4
:10646000B16D41F08051B1650125B06D00F08050F3
:1064700000900098DFF8C8743968C80513D43968EB
:1064800041F48071396000F0F5FB80463968C80539
:1064900009D400F0EFFBA0EB08000328F6D303209B
:1064A00002B0BDE8F081A068012804D1D6F89000C0
:1064B00040F0010014E00528D6F8900008D140F023
:1064C0000400C6F89000D6F8900040F0010007E004
:1064D00040084000C6F89000D6F8900020F0040074
:1064E000C6F8900041F28937A06888B100F0C2FB7D
:1064F0004FEA0008D6F8900081071BD400F0BAFBE1
:10650000A0EB0800B842F5D3032002B0BDE8F0814B
:1065100000F0B0FB4FEA0008D6F89010880709D5C4
:1065200000F0A8FBA0EB0800B842F5D3032002B0AE
:10653000BDE8F0811DB1B06D20F08050B0652078CD
:1065400081062CD5A0690028D6F8980013D040F019
:106550000100C6F8980000F08DFB0546D6F89810AB
:1065600088071CD400F086FB401B0328F6D30320C9
:1065700002B0BDE8F08140084000C6F8980000F085
:1065800079FB0546D6F89810880708D500F072FB0D
:10659000401B0328F6D3032002B0BDE8F081E06978
:1065A000002800F09580B16801F00C010C295ED044
:1065B0000228306820F08070306040D100F05AFB33
:1065C00005463168880108D500F054FB401B0328BC
:1065D000F7D3032002B0BDE8F081F268DFF864036E
:1065E000216A0240606A0A43401E42EA0012216B9F
:1065F000A06A490842EA0022606B491E400842EA4C
:106600004152401E42EA4062E06A42EAC062F260E1
:10661000316841F080713160F06840F08070F06066
:1066200000F028FB04463068810151D400F022FBC1
:10663000001B0328F7D3032002B0BDE8F081F16806
:10664000DFF8040389088900F160F1680140F16016
:1066500000F010FB04463068810139D500F00AFBD8
:10666000001B0328F7D3032002B0BDE8F081012806
:106670002AD0F068216A00F003028A4201BF00F0CC
:10668000F0021032616AB2EB011F1DD1A16A00F461
:10669000FE42B2EB012F02BF00F07842E16AB2EB9A
:1066A000C16F11D1216B00F4C00202F5001249083C
:1066B000B2EB415F08D1616B00F0C06000F1007087
:1066C0004908B0EB416F03D0012002B0BDE8F08172
:1066D000002002B0BDE8F0812DE9F0470446002714
:1066E000002C884677D0DFF86452286800F00F004D
:1066F000404509D22968090948EA0111296028683A
:1067000000F00F00404566D12068DFF82462C10721
:1067100064D56168032930D1326891015BD5F16895
:10672000F268C2F30312521C01F00301032907BFF0
:10673000DFF81C12B1FBF2F2DFF8FC31B3FBF2F22E
:10674000F168C1F306215143F268C2F34162521C61
:106750005200B1FBF2F1DFF8FC2191421DD3B16888
:1067600011F0F00F03D0810717D5A068A8B9B06861
:10677000082161F30710B0600EE0022928D13068CB
:10678000810328D500F08AF87249884205D3B168A0
:10679000082060F30711B160802741F28939B168A0
:1067A0006068890840EA8101B16000F063FA8246BE
:1067B000B168606801F00C01B1EB800F0ED000F001
:1067C00059FAA0EB0A004845F2D30320BDE8F08750
:1067D00031684805D6D40120BDE8F08720688107DC
:1067E00014D5420703D5B06840F4E060B06020786B
:1067F000010704D5B068072161F30D20B060B168CE
:10680000A06821F0F0010143B16005E0802F03D1C1
:10681000B06820F0F000B060286800F00F008045FC
:1068200017D22968090948EA0111296041F289371C
:1068300000F020FA8146286800F00F00404508D09B
:1068400000F018FAA0EB0900B842F4D30320BDE829
:10685000F0872078420705D5B168E06821F4E0614F
:106860000143B16021780A0706D5B068216920F498
:10687000605040EAC100B06000F010F8B2683649DC
:10688000C2F303128B5C2B4903F01F03D84008604E
:10689000BDE8F0472948006800F0C6B92F480168F4
:1068A00001F00C01042901D123487047016801F06F
:1068B0000C01082901D126487047016801F00C013C
:1068C0000C2918D142684168C1F30311491C02F038
:1068D0000302032A0CBF1E4A174AB2FBF1F24168B9
:1068E0004068C0F34160C1F30621401C51434000A1
:1068F000B1FBF0F07047002070470E480068704709
:106900000C48164B00681A681549C2F30222895CCC
:1069100001F01F01C84070470648104B00681A6814
:106920000F49C2F3C222895C01F01F01C8407047C1
:1069300000100240E80500200024F400E0050020DB
:10694000007000400C809F01FFFFEEFE002002401F
:1069500000127A0001B4C4049CB50008081002407B
:1069600014B700082DE9F043074681B03968DFF815
:10697000B06208034FF000085ED5F16C0024C80037
:1069800009D4F16C41F08051F1640124F06C00F005
:10699000805000900098DFF88C52286840F4807096
:1069A000286000F067F981462868C10508D400F026
:1069B00061F9A0EB09000328F6D34FF0030836E095
:1069C000D6F8840010F440701CBF396D884211D095
:1069D000D6F88400D6F8841041F48031C6F88410CB
:1069E00020F44070D6F8841021F48031C6F8841069
:1069F000C6F88400C00712D500F03CF94FEA000940
:106A000041F28935D6F88400810708D400F032F9C4
:106A1000A0EB0900A842F5D34FF0030807E0D6F831
:106A20008410386D21F440710143C6F884101CB104
:106A3000F06C20F08050F0643878C20705D5F16F13
:106A40007868890840EA8101F1673978880705D5B7
:106A5000F16FB86821F00C010143F16739784807FC
:106A600005D5F16FF86821F030010143F1673978FD
:106A7000080705D5F16F386921F0C0010143F167BE
:106A80003978C80605D5F16F786921F44071014362
:106A9000F1673978880605D5F16FB86921F440614E
:106AA0000143F1673978480605D5F16FF86921F49B
:106AB00040510143F1673978080605D5F16F386A0E
:106AC00021F440410143F1673968C80505D5F16FEC
:106AD000786A21F440310143F1673968880307D5AA
:106AE000D6F89010B86A890840EA8101C6F890107B
:106AF0003968880505D5F16FF86A21F44021014312
:106B0000F167396848050DD5F16F386B21F44011F4
:106B10000143F167396BB1F5801F03D1306840F450
:106B200080103060396808050DD5F16F786B21F45D
:106B300040010143F167796BB1F5800F03D13068F3
:106B400040F4801030603968C8040DD5F16FB86B1F
:106B500021F040710143F167B96BB1F1807F03D13E
:106B6000326842F480123260386882040DD5F16FC9
:106B7000F86B21F040610143F167F96BB1F1006FEF
:106B800003D1306840F480103060396848040DD576
:106B9000F16F386C21F040610143F167396CB1F15C
:106BA000006F03D1306840F4801030603968080409
:106BB0000DD5F16F786C21F040510143F167796C8C
:106BC000B1F1805F03D1306840F4803030603968C3
:106BD000C8030DD5F16FB86C21F040410143F16756
:106BE000B96CB1F1804F03D1306840F4803030602F
:106BF000396848030FD5D6F89010F86C21F440118D
:106C00000143C6F89010F96CB1F5001F03D130684C
:106C100040F480103060404601B0BDE8F0830000D1
:106C20000C1002400070004070B50F4E0446B06872
:106C30000025A8B14FF47A710C4AB1FBF0F110684D
:106C4000B0FBF1F0FAF73FFD50B9102C08D200224A
:106C500021464FF0FF30FAF7F5FC7460284670BD0E
:106C60000125284670BD00BFDC050020E805002096
:106C70007047000001480068704700BFDC05002035
:106C8000704770477047704770477047704770474C
:106C9000704770477047704770477047704770473C
:106CA000704770477047704770477047BBBBE1B192
:106CB000B2F5803F80F07E80022A1ED98C46B1FB5F
:106CC000F2F102FB11C31B0443EA1043B3FBF2FCD5
:106CD00002FB1C3380B240EA0343B3FBF2F002FB39
:106CE000103240EA0C4000237047022A05D984463E
:106CF000B0FBF2F002FB10C270474AB105D100F0C0
:106D0000010249085FEA3000704700220023704703
:106D100001F090B80B000200002100207047904263
:106D200071EB030CF6D3B3F5803F2FD2F0B5B3FA75
:106D300083F7B1FA81F4A7F10F0E3D1B5340CEF15A
:106D4000200602FA0EF2F3415340B5F10F0746D880
:106D50000F3C2C444140C4F12006A040F141414089
:106D6000B1FBF3F603FB1611A2FB0645001BA9417C
:106D700002D2761E8018594180EA010221FA0EF3F0
:106D800062FA0EF200215A403046F0BD30B4B1FB39
:106D9000F3FC03FB1C11A2FB0C45001BA94103D211
:106DA000ACF1010C8018594130BC02460B466046DC
:106DB00000217047B2F1807F65D3F0B5B2FA82F757
:106DC000B1FA81F4C7F10F063D1B22FA06F307F171
:106DD000110EF24120355A40B5F10F07B8D94140A4
:106DE000C4F12006A040F1414140B1FBF3FC03FB9C
:106DF0001C11A2FB0C45001BA94103D2BCF1010CE4
:106E0000801859410F2F12D30F3FC90341EA504157
:106E1000B1FBF3F603FB1611A2FB0645D4EBC03021
:106E2000A94102D2761E8018594146EACC3C07B3EC
:106E30004140C7F12006B840F1414140B1FBF3F6B3
:106E400003FB1611A2FB0645001BA94102D2761EC8
:106E50008018594180EA010221FA0EF3C7F120049B
:106E600062FA0EF20CFA07F05A402CFA04F13043A1
:106E7000F0BD80EA010221FA0EF3002162FA0EF25F
:106E800060465A40F0BD8C46B1FBF2F102FB11C3E3
:106E90001B0243EA1063B3FBF2FC02FB1C331B0230
:106EA0004CEA002043EA1063B3FBF2FC02FB1C3304
:106EB0001B024CEA002043EA1063B3FBF2FC02FB26
:106EC0001C331B024CEA002043EA1063B3FBF2FCC4
:106ED00002FB1C324CEA0020002370472DE9F043EE
:106EE0000746604D81B00C4605F1E40000F0A3FFB9
:106EF0005D485E4EDFF87891DFF87881C5F8B40020
:106F000000215D4885F87C10C5F8AC0000F098FFC2
:106F100001F046F8304600F0D7FAC5F894605748BB
:106F2000574EC5F89000304601F074F8D5F890102F
:106F300033464246484601F0CEF8D5F89410D5F8CD
:106F40009000C5F8A090324601F0CCF8404601F020
:106F5000DBF8DFF83091DFF83081484600F0B4FA12
:106F6000404600F0B1FA4948C5F8A400C5F8989029
:106F7000C5F89C8001F0CAF84548D5F8A410DFF8A0
:106F80001481C5F8B000C0F81011C0F80C5140468B
:106F900001F0C9F84048C5F8B800C5F8A88001F06C
:106FA000D5F8002001F0DAF8012085F82400D5F8A2
:106FB000900001F00BF92861D5F8900001F006F976
:106FC000009005F1C801BDF80200A882C5F88C1038
:106FD0002B46D5F8902005F1E40105F1C80001F039
:106FE00000F9D5F8900001F006F90146D5F88C00BB
:106FF000002200F0AFFED5F88C0038602E64D5F882
:107000009C00D5F89810D5F894202863E9620021F7
:10701000D5F8AC00A8636963E9636964A96405F104
:10702000E4002865AA62D5F8A810D5F8A400D5F820
:1070300090206965A8650021E96500202866A8669A
:10704000E86628676867A867EA6405F12800D5F84C
:10705000B01069662060012285F87C2001B0BDE88F
:10706000F08300BF68110020E0030020140100201D
:10707000F00200203C020020CC01002098010020FA
:1070800074020020400100206C0100203403002025
:10709000000000200C030020C8030020434844499E
:1070A00081B0C0F800180422C0F80028C0F8001809
:1070B0000222D0F800180091009B3E49C0F8001849
:1070C000C0F80028C0F800180122D0F8001800917C
:1070D0004FF00111009B016002600160082201680D
:1070E0000091009B3449C0F8001CC0F8002CC0F887
:1070F000001CD0F8001C00911021009A2F4AC0F803
:10710000002CC0F8001CC0F8002C4FF48072D0F89E
:10711000001C0091009B2A490160026001604FF44D
:107120000072016800914FF48131009B01600260A0
:1071300001604FF4804201680091009B21494FF4A7
:10714000A0330B600A600B604FF480620968009105
:107150004FF48231009B0160026001604FF4805265
:10716000016800914FF48831009B0160026001606A
:10717000016800914FF40041009A4FF4C032C0F80A
:107180000024C0F80014C0F80024D0F800140091C6
:107190004FF40061009A4FF4843202600160026093
:1071A00000680090009901B0704700BF1C000048C3
:1071B00004000100020001000800010010000100AD
:1071C000000101001C1000482DE9F0470446DFF8DB
:1071D000AC802B48DFF8AC90C8F8CC0084B00D46EA
:1071E00016461F46B9E80E54A0E80E54B9E80E54EE
:1071F000A0E80E54303800943B463246294600F051
:10720000FDFFD8F8CC0001F006F8D8F8CC00232216
:10721000002101F00AF8D8F8CC002422012101F065
:1072200004F8A9F13009C8F8D080B9E80F50A8E8EF
:107230000F50B9E80F50A8E80F50DFF84C904846BF
:10724000A8F1300800F0F6FF0C9AD8F8CC100F48DF
:107250000F4B0090029201914946D8F8D0000D4A98
:1072600000F0EAFFD8F8D00000943B4632462946A9
:1072700000F0C4FF04B0BDE8F08700BF5412002046
:107280008C0300205C0300209404002035B7000824
:107290001714000855B0000850B1B0FA80F18840CA
:1072A000C91CC1F58461090501EBD0214005704777
:1072B0000146704730B540F2FF7C1CEA11541DBFF7
:1072C0001CEA1355644565453FE0641981EA030CE7
:1072D0006FF35F530CF0004C43F48013C90241F08C
:1072E000004141EA505EC5021100A5FB02020028E0
:1072F0004FF00000EEFB01204FF00001E3FB052101
:1073000018BF42F00102401800214941E3FB0E0181
:10731000A4F580640D0302D292184041494154F112
:10732000010470DD450872F1004250F1000051EB9C
:107330000451A1F5801102D441EA0C0130BD40F2A4
:10734000FF7E4CEA0E51002030BD0CEA1355644517
:1073500018BF654581EA030C0CF0004C41D050EA9F
:10736000410E1CBF52EA430E02E06146002030BDD0
:1073700024422C441BD15FEA050EF6D0090302BF5C
:1073800001460020AEF1140EB1FA81F5AEEB050412
:1073900001FA05FE0C35C5F1200100FA05F5C840DB
:1073A0004EEA000E6FF35F5343F480139CE733F013
:1073B0000043B3FA83F504BFB2FA82FE75440B3D75
:1073C000641BB5F1200E2FBF02FA0EF3AB40C5F1DE
:1073D000200E22FA0EFE38BF43EA0E03AA40641CB8
:1073E0007CE750EA410E14BF52EA430E6FF00001F1
:1073F0004FF4001515EB430F8EBF194615EB410FE7
:107400009DE7B4D830BDD4F10104B4F120050FDA02
:10741000C4F12005520828BF42F0010210FA05FE0F
:1074200001FA05F57244E2BFE0402843E1400FE075
:10743000352C9ADCC5F1200452EA400220FA05F20C
:1074400018BF42F0010231FA05F0A1400A430021C1
:1074500072F1004250F1000051EB0C0130BD000010
:1074600001F000428B1AA3F16051B1F5801F0ADBD5
:10747000B1F17F6F1FD242EAC102C10071F1004138
:1074800042EB507070470B15C3F10903212B10D24A
:10749000890241EA905180020128494141F00041AE
:1074A00021FA03F0C3F12003994071F100415041EA
:1074B0007047100070476FF0000013EB103F5CBF87
:1074C000000E42EAC0507047018842888180C28025
:1074D0000022018C4184826082627047F0B40146D0
:1074E000FF220E79DFF878335FF0000503EB8500AB
:1074F000006C58B10479B44202BF04680868844241
:1075000008D06D1CEDB2042DF0DB06E0042AF8DD96
:107510002A46F6E72A460425F3E71446042C7BDACC
:1075200003F1400603EBC40046F8241000258561F2
:107530000D68A868C60739D4686820F00400686040
:1075400004262E602027686820F0200068602F60E5
:10755000AE68DFF81003064046F00046AE60A8684B
:10756000C00FFCD12868C00720D4AE68BE480640D2
:1075700046F00106AE602E68F60717D4AF680740E4
:1075800047F00107AF602E68F7070FD4AE680640DA
:1075900046F00106AE602E68F60707D4AF683840A3
:1075A00040F00100A8602E68F007DED504EB440629
:1075B00070001C180025257062711C1D22540124C6
:1075C0000868036B1B091B0103630D792B462E46CC
:1075D0000A2B04FA05F545EA866504D203EB43035A
:1075E00045EA035506E00A3B03EB430345EA03552E
:1075F00045F0007500F11403E80D00F004008968FF
:10760000C0182D0D05F01F0504680723AB409C43EF
:1076100001FA05F5254305601046F0BC70470000EF
:10762000F0B5044604EB44038D4A92F8385002EB5F
:107630004303002619780427002941D106EB460EA2
:107640004FEA4E0112F801C0BCF1010F04D0761CC4
:10765000F6B2042E14D115E002F1050C1CF801C09D
:1076600060450BD21E7183F805C0561D70540CEB9B
:107670004C06111D760088550426E8E73746E6E7F4
:10768000DCDB11E0042F08BF05460DD007EB4706F1
:107690007600511D895D1F715971571DB85501EB59
:1076A0004107161D790070540121197005EB45063C
:1076B000002159707600511C895D012918BF0546CB
:1076C0006A4982F8385091F86A0080BB02EB840165
:1076D0000124096C0D79AC400A2D44EA856404D27A
:1076E00005EB450544EA055406E00A3D05EB450572
:1076F00044EA055444F00074086800F13005A40E13
:10770000286864F38A1028600C685748266CA568BE
:10771000054045F00405A560086804686407FCD5C9
:10772000006C58800221587982F8380059705888C6
:10773000F0BD4B4B93F83A200146002022B90120BE
:1077400083F8391083F83A007047454991F83A2098
:10775000022A4FF6FF7003D1888F002281F83A2069
:10776000704710B53E4C94F83A0001281CD194F8AB
:107770003900FFF755FFA08794F8390000EB40036C
:1077800004EB4303597811B1022384F83A3004EB37
:10779000C003996941B1002284F83A20DA69A18FC7
:1077A0009B69BDE81040184710BD2D4890F83A007D
:1077B00070472B4991F8380000EB400252008B5C77
:1077C000012B00D0704730B401EB80000425006C21
:1077D0000468256001240579AC400A2D44EA8564DB
:1077E00004D205EB450544EA055406E00A3D05EBE5
:1077F000450544EA055444F00074036803F130057C
:10780000A40E2B6864F38A132B6011440368164896
:107810001D6C9C68044044F004049C6001234B7080
:1078200030BC70470E4890F8382002EB420100EB64
:10783000410191F801C0BCF1010F0BD100F14003EF
:1078400053F82220126813685B0703D5126C4A8034
:1078500002224A70497980F8381070470000000011
:1078600028130020C0FFFF3FC0FFFF7FCC01002096
:1078700070B491EA030F4FF0004540F1B7806B40C0
:10788000841A71EB030604D26E40001BB141121939
:1078900073414FF4001C1CEB410F34BF7CEB4306DB
:1078A00083E00C0DA4EB1356362E00F37C80012EE2
:1078B00045EAC32341DC43EA525312BFD20292028B
:1078C0005B08240545EAC12141EA5051D2EBC020B2
:1078D000994125D407D1B0FA80F610FA06F162D0AA
:1078E0000020203608E0B1FA81F6B140C6F120024E
:1078F00020FA02F21143B0404FEAF474B4EB46545C
:1079000034F001064FEA74040AD8D6F50016760D55
:1079100004F00044F04061FA06F25040F140484063
:10792000C00A40EA415021F0004128BF5FEA5005FB
:1079300050F1000044EBD12135E0DB0A45EAC121DA
:10794000C90AB6F120050EDD42EA0242120CC5F169
:10795000200603FA06F6EB4042EA06056D4298411E
:1079600061F100010DE062FA06F5F240554063FA5C
:1079700006FC82EA0C02F3405A406D42904161EBF2
:10798000030111F4801F05D1641E620502D06D0051
:107990004041494121F48011430875F1004350F101
:1079A000000041EB045170BC70471CEB410F15D235
:1079B00023F0004352EA43060BD04FEA4C0CBCEBD9
:1079C000410F04D80C0D661E342EB7DDEBE7801A8C
:1079D000994150EA410608BF0021E4E708BF1CEBCB
:1079E000430F28BF6FF00001DDE70000841A71EB40
:1079F000030603D2001BB141121973414FF4001C5E
:107A00001CEB410F34BF7CEB430442E00C0DA4EBB4
:107A10001356352E4FDC45EAC323DB0A45EAC12164
:107A2000C912B6F120050DDD63FA05F6EB4086EAD2
:107A30000305124218BF45F00105C01851F10001BD
:107A40000CD213E062FA06F5F2405540F3415A4079
:107A5000B340F3405A408018594107D349085FEAC0
:107A600030005FEA350528BF45F0010501F58011BA
:107A7000420875F1004250F1000041EB04514E0004
:107A800016F5001F70BC38BF70470020090D0905AE
:107A900070471CEB410F10D252EA43060BD0BCEBEF
:107AA000410F05D80C0DAB43661E342EB6DD02E047
:107AB000AB438018594170BC704770BC70470000E0
:107AC000C1F30A5340F21E42D31A0CDDCA0283F3FB
:107AD000070342EA505242F00042DA4002EBE17200
:107AE00082EAE17070476FEAE17203F2E13008B1B7
:107AF00082F000407047000030B4002500230122CE
:107B000002FA03F4204218BF6D1C5B1C0F2BF7DB3D
:107B100005F00105681E804130BCC043C00F7047AE
:107B2000F0B50C46DFF82052DFF82062DFF8207253
:107B30006870010A297081B0002202213046F9F7ED
:107B400056FD642000900223AA1C29463846FBF704
:107B50002BF900BF97F85D000228FBD0012202211B
:107B60003046F9F744FD0120FDF774FE200A287025
:107B70006C70002202213046F9F739FD6420009034
:107B80000223AA1C29463846FBF70EF997F85D0038
:107B90000228FBD0012202213046F9F728FD0120FE
:107BA000FDF758FEC02100202970687000220221D4
:107BB0003046F9F71CFD642000900223AA1C2946D8
:107BC0003846FBF7F1F800BF97F85D000228FBD0BC
:107BD000012202213046F9F70AFD0120FDF73AFEA5
:107BE000A978E87800EB01206881C4F30D04C0F3A4
:107BF0000D00A881EC8184420CBF0120002001B05F
:107C0000F0BDF0B50C46DFF84051DFF84061DFF819
:107C100040716870010A297081B00022022130464B
:107C2000F9F7E5FC4FF47A7000900223AA1C29466C
:107C30003846FBF7B9F8012202213046F9F7D7FCA4
:107C400042F2107000BF401EFCD1B4B900220221E4
:107C50003046F9F7CCFCC02200214FF47A702A702C
:107C6000697000900223AA1C29463846FBF79CF84D
:107C7000012202213046F9F7BAFCA978E87840EAF7
:107C8000012001B0F0BD30B5C0F30D0545F48045CD
:107C900081B00C462846FFF72FFF60F3CF35214611
:107CA000284601B0BDE83040ABE730B5C0F30D0564
:107CB00081B00C462846FFF71FFF45EAC035C4F3E4
:107CC0000D042046FFF718FF44EAC034A1B2A8B261
:107CD00001B0BDE8304023E710B500211620FFF7C2
:107CE000D2FFC4B200211720FFF7CDFF00F03F0004
:107CF00000EB841010BD70B50646162006F03F0458
:107D0000FFF7FAFEB6040546360E3046FFF7F4FEDE
:107D1000ED0346EAC03645F01605B1B2A8B2FFF74A
:107D2000FFFE1720FFF7E8FE05462046FFF7E4FEBA
:107D3000ED0344EAC03445F01705A1B2A8B2BDE88E
:107D40007040EDE6000000000A1400200018004812
:107D5000380E002001230373C181C282037643766B
:107D6000704710B504460321206800F089FA012805
:107D700008BF207610BD0068072100F081BA10B559
:107D80000446606800F022FAA168086110BD818293
:107D90007047C1827047408B70478160704730B533
:107DA000054681B0286800F0DBFA0024062803D1DC
:107DB000686800F0D7FA0446204601B030BD01469D
:107DC000C88849884843000C70470000014908688A
:107DD00000F0CEBAD00500200149086800F0D2BA00
:107DE000D00500200149086800F0D4BAD005002071
:107DF0000149086800F0D6BAD0050020014908689A
:107E000000F0D3BAD00500200149086800F0E2BABA
:107E1000D00500200149086800F0F1BAD005002023
:107E20000182C2820223012200210373027641767D
:107E300070470000704700230370438083807047C1
:107E4000F0B5054681B0E86E0668846847687168D9
:107E500021F004017160042030602020716821F05D
:107E60002001716030600420796821F0040179609C
:107E700038602020796821F0200179603860454918
:107E800045488C4204D1026842F40062026003E07B
:107E9000016841F400510160B168C80708D4304658
:107EA00000F0B0FA40213160706840F0400070602E
:107EB000B868C1075CBF384600F0A4FA21684908D9
:107EC000490021604FF47A70626834490A40626068
:107ED00004F118010A6842F008020A600B6843F4D2
:107EE000006341F8043B0E6846F008060E600A681D
:107EF00042F400620A60616941F001016161EA6E69
:107F000092F82910022913D192F82A10012904BFEE
:107F100092F82730032B12D121630321636943F0C8
:107F2000010363612163B5F86410491E616215E0C5
:107F300095F8461091B992F82710012904D1B5F8A7
:107F40006410491E616209E0032907D10121216300
:107F50000321636943F00103636121636FF08003D0
:107F6000236192F8281029B909E000BF6FF48072EC
:107F70002261401E2269D10501D50028F6D1E068B2
:107F800040F08000E06040F25550216A01432162D8
:107F900001B0F0BD002C0140102004E08FFFFFFD78
:107FA0001848194981B00268D20712D4036843F017
:107FB00001030360026802F001020092009B0A695B
:107FC00042F001020A61016849084900016001B0FC
:107FD00070470A68D1F800C00C4B03EA0C0C4CF057
:107FE000200CC1F800C0086940F001000861D1F818
:107FF00000C0074803EA0C0302401A430A6001B0BC
:10800000704700BF58100240040000408FFFFFFD82
:108010007000000270B402460021106A036843F445
:108020000063036041624FF0FF33B2F86E1092F8C4
:108030007740B3FBF1F191662405B2F86C3003EBA5
:10804000830149005162002500F118010B6823F0FB
:10805000F00343EA14430B6092F877400B68240561
:1080600023F4704343EA14230B606FF001010161B4
:10807000C36843F00103C360016841F0010101607E
:1080800092F87500002824DD10F0030100F009804B
:1080900002F128040026EBB26D1C44F82360491E4F
:1080A000F6D1800800F0158002F128030024E9B21F
:1080B00043F821406D1CE9B243F821406D1CE9B240
:1080C00043F821406D1CE9B26D1C43F82140401E6D
:1080D000EAD170BC70470160426083600022827305
:1080E000C27370474261016190F82A200270B0F9B2
:1080F0002C10B0F92E200904416012040021826086
:108100004180C1608161704700F020BA10B504461B
:1081100004F10C00FFF7E2F984F826002046BDE8E0
:10812000104000F02ABA10B50446207848B9201D46
:10813000FFF7D4F984F826002046BDE8104000F08F
:108140004CBA608A20820021E18210BD002181604A
:108150004160C160016101214161704710B584B087
:1081600002A900220A60009201A90A60262216498B
:10817000029C12FB00F20A441460019B5360009CB5
:10818000D4600024009B1361D483009BC2F8163096
:108190000023019CC2F81A40138401EB80040021E3
:1081A000D4F89800FFF7F9FDD4F89C000021FFF700
:1081B000F4FDD4F8900000F013FAD4F8AC0000F00D
:1081C00017FA04B010BD00BF6811002081B0B0F9EB
:1081D0002E10ADF80010008EADF80200009801B02E
:1081E000704701604260002183600173C181018298
:1081F000C18201767047B0F92C00704781B0DDF87C
:1082000004C0017702620021436280F82C10C0F89C
:1082100028C001B070474169002918BF084770475E
:108220008169002918BF084770474368002B18BFB1
:108230001847704700F0DEB9F0B581B00446084633
:108240001546069F079A0899C4F8C0102063C4F821
:10825000C4201E460749084B084A0091214600F0F9
:10826000DEF96563A663E763204601B0BDE8F04030
:1082700000F0E0B93DB70008E986000841B7000802
:1082800010B502780024142A0ED8DFE802F0182175
:10829000572D475557595B610D0D0B27292B373942
:1082A000414E3F000A0057D003291CBF012907296E
:1082B00003D00022802100F0CAF9204610BD0A46F2
:1082C000032A49D0012A45D101240170204610BD5E
:1082D000072918BF0D293FD00E2934E00E2918E0D8
:1082E0000F2916E0022914E0072918BF102933D0FE
:1082F000042918BF11292FD0012924E0112908E0F1
:10830000122918BF072927D014291CE0122900E0E0
:10831000042913D101240170204610BD0A46132AF6
:1083200006D101240170204610BD0A46042A13D04C
:10833000072A11D0052A06E006290DD0072902E0F8
:10834000082900E00929AFD101240170204610BDA1
:108350000A0001D00C2AA7D101240170204610BDCB
:108360000078704701460020C96801B901207047B4
:1083700000B581B0406800F083F901B05DF804EB0E
:1083800000F080B900B581B0006800F07EF980B2DD
:1083900001B000BD00B581B0006800F076F9000CB6
:1083A00001B000BD0068FFF7DBBF00B581B0816898
:1083B000B1F91A00B1F91C1011FB01F110FB00100A
:1083C00000F06AF947F6FF718842C8BF084600B25C
:1083D00001B000BD00B581B08168B1F90400B1F908
:1083E000061011FB01F110FB001000F055F947F6E3
:1083F000FF718842C8BF084600B201B000BD0068E6
:1084000000F068B9014681B08A68494802408A6034
:108410008A68D00027D48A684648DFF81CC1024029
:1084200042F080528A600023DCF80000434AE0FBFF
:1084300002235A0C00920098A8B10098401E0090A8
:10844000009880B10098401E0090009858B10098A4
:10845000401E00900098002805D00098401E009013
:1084600000980028E9D18A683548024042F000426D
:108470008A608868C00FFCD10B682E4AD8071FD4C9
:108480008B68134043F001038B600868C30717D45F
:108490008868104040F0010088600B68D8070FD44E
:1084A0008B68134043F001038B600868C30707D44F
:1084B0008868104040F0010088600B68D807DFD55D
:1084C0008B68134043F008038B608868104040F0CD
:1084D00020008860CB681B48034043F40013CB6046
:1084E0008868024042F004028A6001B0704770B4AC
:1084F000C26E9668146853687568134A15407560B3
:1085000090F86650102D0ED2C56DD4F88020046E00
:108510005519C565D3F880201419046690F86630A3
:108520005B1C80F8663000220A804A8070BC70476D
:10853000C0FFFF5FC0FFFF7FE805002047ACC5A775
:10854000C0FFFF3FFFFFDF7F8FFFFFFD00230370B2
:108550008380C3808381C38143820370036243624B
:108560000385038680F82C3080F82D3080F8323077
:1085700080F83330C18EC185704730B4428B818B17
:108580008A18018B5208002301B3016A9CB221F8BA
:1085900014205B1C048B9DB2A54217D29CB221F81B
:1085A00014205B1C048B9DB2A5420FD29CB221F813
:1085B00014205B1C048B9DB2A54207D29CB221F80B
:1085C00014205B1C018B9DB28D42DED30021828082
:1085D000C28080F8251030BC7047002101827047AE
:1085E0000278012A03D100690021FFF7D6BB70474A
:1085F00081680847002141820175417580F8961015
:1086000080F8971080F8981080F8991080F89A10E8
:1086100080F81B1180F81C1180F81D11704781B083
:1086200030B1DDF804C0016042608360C0F80CC066
:1086300001B0704710B50446206BE16B884780207D
:1086400084F8C800A16B206BBDE81040084770B4E7
:1086500003461C785E889D8820460E4329430A28DD
:1086600026EA0202998003D1110005D10B2402E011
:10867000110001D00A2420461C705A8070BC70473B
:1086800040697047B0F90C007047014688884988F6
:1086900040EA0140704700000146002916DD002233
:1086A0000B488142B4BF4FF0800C4FF4005C00BF18
:1086B00091FBFCF0604400EBD0704010604506D0A8
:1086C000521CD3B2062B8446F2D370470020704769
:1086D00001002000014600200A780B2A03D109235B
:1086E0000B708880012070472DE9F0418AB0044664
:1086F0000F4600207D09164698468DF8040013D0D9
:108700006D1E2A460021204600F0CEFA18B90B2033
:108710008DF80500ABE2D4F8C40007F01F0718B1CC
:108720002A46002100F0C0FA122F00F29D82DFE8F5
:1087300017F09E021300A70094019B029B029E016A
:10874000CC01EF012202480259026B02E0019B02B8
:108750009B029B029B029E023178052088298DF89E
:10876000050000F28B80DFE801F045898954896FAC
:108770006F6F6F6F6F6F6F6F6F6F797989896F6FC1
:108780006F6F6F8989895B658989898989898989F9
:108790008989898989898989898989898989898949
:1087A00089898989898989898989896F8989898953
:1087B0007979798989898989896F8989896F6F6FC1
:1087C0006F6F6F6F897989898989896F89896F6FDF
:1087D000898989898989898989898989898954794E
:1087E0007979797989898979798989898989898959
:1087F0006F6F6F007578D4F8C4002A46002100F02E
:1088000053FA2A460021204600F04EFA8DF8040063
:108810002DE27278204600F047FA8DF8040026E237
:108820007278D4F8C4000021FFF7FFFC01208DF816
:1088300004001FE27278D4F8C4000121FFF7F5FCB0
:1088400001208DF8040015E27078B27800EB022266
:10885000204600F029FA8DF8040008E27078B2781A
:10886000337900EB0222F07802EB004202EB036264
:10887000204600F019FA8DF80400F8E10221F4E135
:108880003178032288298DF8052000F2F081DFE895
:1088900011F08900C80089008900C800BA00BA0038
:1088A000BA00BA00BA00BA00BA00BA00BA00BA00F8
:1088B000BA00BA00BA00BA00BA00BA00BA00BA00E8
:1088C000BA00BA00BA00BA00BA009700AD00C800FA
:1088D000BA00BA00BA008900EE01EE01EE01EE0125
:1088E000EE01EE01EE01EE01EE01EE01EE01EE0110
:1088F000EE01EE01EE01EE01EE01EE01EE01EE0100
:10890000EE01EE01EE01EE01EE01EE01EE01EE01EF
:10891000EE01EE01BA00EE01EE01EE01EE01C8003B
:10892000C800C800BA00BA00BA00BA008900C8007E
:10893000BA00BA00BA00BA00BA00BA00BA00BA0067
:10894000BA00BA00BA008900C800EE01BA00BA0045
:10895000BA00BA00BA00EE01EE01BA00BA0089000E
:108960008900C800C800C800C800C8008900BA0053
:10897000BA00C800EE01BA00BA008900C800C800F9
:10898000C800C800C800C800C800C800C800C800A7
:10899000C8008900EE018900D600D600D600BA00D2
:1089A000BA00BA0001AA204600F020FA00909DF813
:1089B0000400012840F05B8101236A46F02166E152
:1089C000D4F8C400002800F05281002100F02EFCF1
:1089D0008DF800000123206B646B6A46F021A047EC
:1089E00001208DF804000AB0BDE8F081D4F8C4007D
:1089F000002800F03C81012100F018FC8DF80000F7
:108A000001236A4659E001AA204600F0EFF90090E0
:108A10009DF80400012840F02A8102236A46F021D3
:108A200035E101AA204600F0E1F900909DF804002C
:108A3000012840F01C8104236A46F02127E101AAA5
:108A4000204600F0D3F900909DF80400012840F082
:108A50000E8104236A46F02119E1317807208DF850
:108A60000500204600F0EAFB8DF80400FFE002ADAF
:108A700000200021002200230FC50FC50DF10801C1
:108A8000D4F8C020125C092A04D0CA70401C491CCA
:108A90001D28F5DBD4F8C0305A1D115C8DF8081084
:108AA00002A9D4F8C0200244D3794B702023D4F813
:108AB000C0200244507A887002AA206B656BF021B6
:108AC000A84701208DF80400D4E030797179F3785B
:108AD00000EB01223078717800EB0121B07801EBD6
:108AE000004101EB0361204600F0F2FB8DF8040029
:108AF000BDE03079717900EB01223078717800EBBC
:108B0000012109B2204600F0FDFB8DF80400AEE023
:108B10000DF1060000900DF10A03317802AA2046FB
:108B200000F0FAFBBDF90A305C48C3EB0311890081
:108B300081FB0020801000EBD07002148DF80C0037
:108B400003A903128A700016BDF90620C87012121C
:108B5000BDF806004A7108714B700823BDF8082063
:108B6000BDF808008871120ACA71206B656B03AAF0
:108B7000F021A8477BE07079B17900EB01231BB2AB
:108B800000937278B1783379F57902EB0120F278AD
:108B900000EB024000EB036000EB8001490040481D
:108BA00081FB002008444311307A317803EBD37302
:108BB00005EB00221BB2204600F0D6FB8DF8040026
:108BC00055E0B078F17800EB01223078717800EB55
:108BD000012112B209B2204600F0E3FB01218DF819
:108BE000041047E00C218DF8051002968DF80C80DA
:108BF00002A82C4D294600F0E2FB00288DF8040065
:108C000041D02B792A6837E0002202A9D4F8C000AD
:108C1000805CB8B10870521CD4F8C000805C88B188
:108C20004870521CD4F8C000805C00280AD08870BC
:108C3000521CD4F8C000805C20B1C870521C091DC1
:108C4000202AE3DB202A05DA02A8C2F12001104421
:108C500000F0B8FB206B656B202302AAF021A84727
:108C600001228DF8042005E001218DF805109DF802
:108C7000040040B100230022206B646BF021A04768
:108C80000AB0BDE8F08101230DF10502FF21206B40
:108C9000646BA0470AB0BDE8F08100BF67666666F6
:108CA000898888884414002070B582B01646036A0B
:108CB00090F82C2053F82240436A53F822200125D3
:108CC000E1B1032937D005292CD006292DD0072959
:108CD0002ED008294AD009294FD00A2950D00B2973
:108CE00051D00C2952D00D295DD00E2962D00F2908
:108CF00067D041296CD05B2907D070E0F1B200F059
:108D000064FB0546284602B070BD06EB86035B0097
:108D1000354983FB01011944491101EBD17100224E
:108D200009B21DE0106831B23FE0106831B243E093
:108D3000106831B247E0F0B250B9204600F04FFB66
:108D4000014600222046FFF76BF8284602B070BDAE
:108D5000F6B2012E44D1204600F045FB0022014628
:108D60002046FEF7F7FF284602B070BD204600F00F
:108D70003DFB0090ADF800600EE0506831B214E0A9
:108D8000506831B218E0506831B21CE0204600F063
:108D90002DFB0090ADF802602046009900F02CFBFE
:108DA000284602B070BD906831B200F034FB28460E
:108DB00002B070BD906831B200F02FFB284602B0BF
:108DC00070BD906831B200F02AFB284602B070BD39
:108DD00031B2204600F025FB284602B070BD0025C8
:108DE000284602B070BD00BF8988888870B50346E8
:108DF00082B05C6A93F82C0054F820501C6A54F836
:108E0000204000200AB101261670812900F2058257
:108E1000DFE811F0820088008E00D5009400A200E7
:108E2000A400A600C500070109010B01CD00150132
:108E30001B012101030203020302030203020302D6
:108E4000030203020302A800AE0027012D012F0137
:108E5000B4009A01A2010302AA01B301BB01C3013C
:108E6000CB019A01A201D301DB01E301EB01F30184
:108E7000FB01460162010302030203020302030233
:108E80000302030203020302030203020302360188
:108E90003C017E018C010D01030203020302030267
:108EA000030203020302030203020302030203029A
:108EB000030203020302030203020302030203028A
:108EC00003020302030203020302DB0003020302A4
:108ED000030203020302030203020302030203026A
:108EE000030203020302030203020302030203025A
:108EF000FB000101C2000302050205020302030296
:108F00000302030203020302030203020302030239
:108F1000030203020302050202B0BDE870401846D6
:108F200000F083BAA86A02B0BDE87040FFF7ADBB9D
:108F3000A86A02B0BDE87040FFF712BA204600F000
:108F400052FAC0EB00129200B64982FB0101881070
:108F500000EBD07002B070BD286871E0286875E041
:108F6000286879E0286B02B0BDE87040FEF727BFA3
:108F7000E86A02B0BDE8704000F05ABA2046FFF738
:108F8000F7F9C0EB00129200A64982FB010188109C
:108F900000EBD07002B070BDA34802B070BD204697
:108FA00000F024FA0090BDF9000002B070BD204628
:108FB00000F01CFA0090BDF9020002B070BD20461E
:108FC00002B0BDE8704000F046BA204600F043FA17
:108FD000012820460CD100F040FAC0EB00118900B6
:108FE000904881FB0020801000EBD07002B070BD73
:108FF00000F0F9F9C0EB001292008A4982FB0101EE
:10900000881000EBD07002B070BD286802B0BDE8D7
:10901000704000F02ABA286802B0BDE87040FEF740
:10902000BABE68680CE0686810E0686814E0204622
:1090300000F0DCF90090BDF9020002B070BDA86834
:1090400002B0BDE8704000F012BAA86802B0BDE8F6
:10905000704000F00FBAA86802B0BDE8704000F0A0
:109060000CBAE86B02B0BDE8704000F009BA00210C
:1090700000E0012102B0BDE87040184600F0D6B80B
:109080001A69002A00F0CB80002104E01A69002A46
:1090900000F0C580012102B0BDE8704018461047BD
:1090A000996A93F82C2051F822200021130F022BEB
:1090B00014BF012BA969C2F30363022B1ABFC2F3C9
:1090C0000362012AE969002900F0A98002B0BDE825
:1090D0007040084600F0D7B9996A93F82C2051F8EF
:1090E00022200021130F022B14BF012BA969C2F308
:1090F0000363022B1ABFC2F30362012AE969002944
:1091000000F08D8002B0BDE87040084600F0BEB9A6
:10911000686A00F0C5F9C0EB00129200414982FB79
:109120000101881000EBD07002B070BD686A00F0D9
:10913000B9F9C0EB001189003A4A81FB0202901094
:1091400000EBD07002B070BD204600F0AEF9009088
:10915000BDF9000002B070BD204600F0A6F90090F5
:10916000BDF9020002B070BD6969002957D002B094
:10917000BDE87040084600F09EB9204600F09EF918
:109180000090BDF9000002B070BD204600F096F9D5
:109190000090BDF9020002B070BD204600F094F9C5
:1091A0000090BDF9000002B070BD204600F08CF9BF
:1091B0000090BDF9020002B070BD204600F016F923
:1091C0000090BDF9000002B070BD204600F00EF91D
:1091D0000090BDF9020002B070BD204600F07AF99F
:1091E0000090BDF9000002B070BD204600F072F999
:1091F0000090BDF9020002B070BD204600F071F988
:109200000090BDF9000002B070BD204600F069F981
:109210000090BDF9020002B070BD02B1107002B042
:1092200070BD00BF676666667A84A63402468920F0
:109230009368002B1CBF10461847704730B581B0AB
:10924000026A90F82C000124491E52F820500D2982
:1092500039D8DFE801F007090B393916262C3238E6
:1092600038383809284612E0284615E02846FFF726
:1092700099F8062828D1284600F03AF9204601B08E
:1092800030BD2846FFF78EF80028284604D1FEF7A7
:1092900068FD204601B030BDFEF76DFD204601B0EF
:1092A00030BD2846FFF7ABF8204601B030BD284658
:1092B00000F021F9204601B030BD2846FEF75FFDE1
:1092C000204601B030BD0024204601B030BD000072
:1092D00030B501EB810481B06400094B056A84FB61
:1092E00003132344591190F82C3055F8230001EB57
:1092F000D17109B2FEF72EFD012001B030BD00BFD3
:109300008988888810B5036A90F82C4053F82400A7
:10931000FEF786FD012010BD2DE9F04381B088469F
:10932000416A90F82C0051F820104C691646994675
:109330000125A4B1089F4146204600F0E0F83080A6
:109340004146204600F0E1F8A9F8000041462046D9
:1093500000F0E2F8388001B02846BDE8F08300252F
:10936000284601B0BDE8F083F0B50C461D4681B03B
:10937000416A90F82C0051F820305F69BDF91860FF
:109380002146384600F0CFF82A462146384600F0FC
:10939000D0F832462146384600F0D1F8012001B01D
:1093A000F0BD82B0ADF80010ADF80220026A90F86E
:1093B0002C30009952F8230002B000F01DB80020B4
:1093C000704700000022F7F7F7BF02460120137F25
:1093D000994201D30020704782F82C1070478068B2
:1093E000B0F91E007047406800F0AFB881B08168E6
:1093F0000869009001B0704702B403220273012291
:10940000BDF800104182BDF8021081820276002171
:10941000417601B0704781807047C18070474184B8
:109420007047806841828182704790F82C007047B5
:10943000017869B9028A016A521AB0F91E10808C4B
:109440005143CA1301EB124100EB214000B27047B7
:10945000808A00B27047407E7047014600200A7B38
:10946000012A08BFB1F90E007047008B7047B0F9B0
:1094700004007047B0F906007047B0F92200704749
:10948000B0F904017047B0F904007047B0F90C104E
:10949000B0F91400C1EBC13191FBF0F000B270479C
:1094A000C08B7047B0F92400704781B08168C868EC
:1094B000009001B0704790F84800704781B0816813
:1094C0000868009001B0704781B0816848680090DA
:1094D00001B0704781B08168D1F81600009001B0EA
:1094E000704781B08168D1F81A00009001B07047D0
:1094F000406800F030B800680121FEF7C1BE01EB02
:10950000410200EB82008089704701EB410200EBD1
:109510008200B0F90E00704701EB410200EB8200BF
:10952000B0F91000704701EB410300EB830082812A
:10953000704701EB410300EB8300C281704701EBF0
:10954000410300EB8300028270474068C11300EBC7
:109550001140001470470022C26082617047000011
:109560001E001E001E001E001E001E001E001E000B
:109570001E001E001F001F001F001F001F001F00F5
:109580001F002000200020002000200020002100DB
:1095900021002100210021002200220022002200BF
:1095A0002200230023002300250026002800290094
:1095B0002B002D002E003000320033003500370024
:1095C00038003A003C003E004000410043004500A6
:1095D000470049004B004D004F005100530055001B
:1095E000570059005B005D005F006100630066008A
:1095F00068006A006C006E007100730075007700EF
:109600007A007C007E0081008300850088008A004B
:109610008C008F0091009300960098009B009D00A5
:10962000A000A200A400A700A900AC00AE00B100F9
:10963000B300B600B800BB00BE00C000C300C50048
:10964000C800CA00CD00CF00D200D500D700DA0094
:10965000DC00DF00E200E400E700E900EC00EF00DE
:10966000F100F400F700F900FC00FE000101040124
:10967000060109010B010E01110113011601190167
:109680001B011E0120012301260128012B012E01AF
:1096900030013301350138013B013D0140014201F8
:1096A000450147014A014D014F0152015401570143
:1096B00059015C015E0161016301660168016B0192
:1096C0006D0170017201750177017A017C017F01E2
:1096D00081018301860188018B018D018F01920137
:1096E0009401970199019B019E01A001A201A4018F
:1096F000A701A901AB01AE01B001B201B401B601ED
:10970000B901BB01BD01BF01C101C401C601C8014E
:10971000CA01CC01CE01D001D201D401D601D801B9
:10972000DA01DC01DE01E001E201E401E601E80129
:10973000EA01EC01EE01EF01F101F301F501F7019E
:10974000F801FA01FC01FE01FF010102030205021A
:109750000602080209020B020D020E02100211029B
:10976000130214021602170219021A021C021D0229
:109770001F022002210223022402250227022802BE
:1097800029022A022C022D022E022F02300232025E
:1097900033023402350236023702380239023A0205
:1097A0003B023C023D023E023F02400241024102B6
:1097B0004202430244024502450246024702480271
:1097C000480249024A024A024B024B024C024D0235
:1097D0004D024E024E024F024F024F025002500203
:1097E00051025102510252025202520252025302DB
:1097F00053025302530254025402540254025402BC
:1098000054025402540254025402540254025402A8
:10981000540254025402540253025302530253029C
:10982000520252025202520251025102510250029D
:1098300050024F024F024F024E024E024D024D02A5
:109840004C024B024B024A024A02490248024802B9
:1098500047024602450245024402430242024102D7
:10986000410240023F023E023D023C023B023A02FC
:10987000390238023702360235023402330232022C
:1098800030022F022E022D022C022A022902280267
:109890002702250224022302210220021F021D02A8
:1098A0001C021A02190217021602140213021102F4
:1098B00010020E020D020B02090208020602050246
:1098C00003020102FF01FE01FC01FA01F801F701A8
:1098D000F501F301F101EF01EE01EC01EA01E8010C
:1098E000E601E401E201E001DE01DC01DA01D80178
:1098F000D601D401D201D001CE01CC01CA01C801E8
:10990000C601C401C101BF01BD01BB01B901B6015E
:10991000B401B201B001AE01AB01A901A701A401DC
:10992000A201A0019E019B0199019701940192015E
:109930008F018D018B0188018601830181017F01E7
:109940007C017A0177017501720170016D016B0173
:1099500068016601630161015E015C015901570103
:10996000540152014F014D014A0147014501420195
:1099700040013D013B0138013501330130012E0129
:109980002B0128012601230120011E011B011901C1
:109990001601130111010E010B0109010601040159
:1099A0000101FE00FC00F900F700F400F100EF00F7
:1099B000EC00E900E700E400E200DF00DC00DA0090
:1099C000D700D500D200CF00CD00CA00C800C50026
:1099D000C300C000BE00BB00B800B600B300B100B9
:1099E000AE00AC00A900A700A400A200A0009D004A
:1099F0009B0098009600930091008F008C008A00D5
:109A000088008500830081007E007C007A0077005A
:109A10007500730071006E006C006A0068006600DB
:109A2000630061005F005D005B0059005700550056
:109A3000530051004F004D004B00490047004500C6
:109A40004300410040003E003C003A00380037002F
:109A500035003300320030002E002D002B0029008D
:109A60002800260025002300220021001F001E00E0
:109A70001D001B001A001900170016001500140025
:109A800013001200110010000F000E000D000C005A
:109A90000B000A0009000800080007000600050086
:109AA000050004000400030003000200020001009E
:109AB00001000100000000000000000000000000A4
:109AC0000000000000000000000000000000000096
:109AD0000000000000000000000000002DE9F0433D
:109AE00083B08848884F894C00F01CF9D7F8900063
:109AF000FEF7C6FD8046FFF7C6FC0546D7F8AC006A
:109B000001A900F028F9FDF78DFEFDF752FE01983E
:109B100000F024F90646294600F044F900907C49FB
:109B2000207891ED000A00283ED1DFED700AB4EEF6
:109B3000600AF1EE10FA56D5B7F91820D7F89C1044
:109B4000100003D540428882388B03E08A82B7F93F
:109B500018004042C882B7F91600D7F898100200E2
:109B600003D552428A82F88A03E08882B7F9160048
:109B70004042C882B7F91010DFF89891002907D544
:109B8000494209B24846FEF702F9B7F9101006E05B
:109B90004846FEF7FCF8B7F91010494209B24846AA
:109BA000FEF7F7F801201DE0DFED510AB4EE600A80
:109BB000F1EE10FA17DBD7F89C00DFF8589147F662
:109BC000FF728282D7F898108A82534AC282CA8270
:109BD00042F2EA214846FEF7DAF850494846FEF7D5
:109BE000D8F800202070B7F91010BDF90000091A4C
:109BF000D7F8980000F00AF9ADF80800B7F912108C
:109C0000BDF90200091AD7F89C0000F0FFF8ADF882
:109C10000A00DFED381A42484289B0F9180000EE18
:109C2000102AB8EE400A60EE211AFDEEE11A11EE9C
:109C3000901A89B201EE901A00EE900AB8EE610A0D
:109C4000F8EEE00AC0EE200AB5EE001A30EE811AF6
:109C5000DFED291AB4EE611AF1EE10FAA8BF9FEDFC
:109C6000231A08DADFED251AB4EE611AF1EE10FAC4
:109C700048BFB0EE611ADFED221A61EE211AFDEE47
:109C8000E11AD7F8B40011EE901AA7F888100180F5
:109C900087ED311AC7ED300A87ED2F0A029900F0DF
:109CA000F1F80446404600F03BF92946204600F012
:109CB0003AF98046D7F8AC00414600F053F90199D3
:109CC000009AC7F81640012839607E60FA60C7F82C
:109CD0001A803D8405D10022012107F1E400FEF73E
:109CE000B6FC002003B0BDE8F08300BF3333733F00
:109CF0006766863F0AD7A33C3433733F333373BF61
:109D000000FEFF467402002068110020DF100020D2
:109D100034140020140100200180FFFF16DDFFFF36
:109D2000280F00200146086A426A886ED1F808C0F0
:109D300092B24243D31302EB1342B1F90630487892
:109D40001214CA8012FB00F08880D21A0CFA82F238
:109D50008A6000B2704742681047000001B481B0C9
:109D6000BDF90400BDF90620ADF8000001460B481E
:109D700011FB00F044F6E61112FB01F1A0EB4100EB
:109D8000C01300F30F00ADF8020010F5004F04BF40
:109D90000348ADF80200009802B070471AB6FFFF02
:109DA0000180FFFF71B583B008B200F0A7F9019000
:109DB000BDF90420BDF90C30BDF90600BDF90E1047
:109DC00013FB02F400FB1144E41304F30F04ADF899
:109DD0000040BDF900600B4CA64204BF0A4DADF82F
:109DE000005013FB00F011FB0200C01300F30F0042
:109DF000ADF80200A04204BF0348ADF8020000988D
:109E000004B070BD0080FFFF0180FFFFF0B4B0F927
:109E10000430B0F91450B0F91660B0F906200024EF
:109E20004B43AAB1514382688F1806D5002AC8BF98
:109E3000002906DD6FF0004703E0002A44BF002937
:109E40000F4FC268BA4203DB0269BA42B8BF3A4652
:109E5000818BC78B0B4142FA07F1CB189D4206DA82
:109E6000EC1AA4182B46846018B2F0BC7047B342B9
:109E7000BCBFF41A3346A418846018B2F0BC704713
:109E80000100008012B581B02DED028B82B00091EF
:109E90000088BDF91640BDF9141008EE100A2046DE
:109EA00011FB01F110FB0010FEF7F6FB1B494860A7
:109EB0000428D8BFB2EE040A28DD00EE900AB8EEFE
:109EC000C80AF8EEE00A80EE200AF7EE000AB4EEC7
:109ED000600AF1EE10FA19D5BDF9142001EE102A2E
:109EE00000EE904AB8EEC11AF8EEE00A21EE001A30
:109EF00060EE800ABDEEC11AFDEEE00A11EE102AF6
:109F000010EE903AADF80020ADF8023081ED000A75
:109F1000009802B0BDEC028B02B010BD34140020DA
:109F2000B0F91000704711B583B008B200F0E6F840
:109F30000190BDF90420BDF90C30BDF90610BDF942
:109F40000E0013FB02F410FB02F210FB014401FBB4
:109F50001321E413C913ADF80040ADF802100098C6
:109F600004B010BDF0B481B002B4BDF90010028E8F
:109F7000B0F850504A43BDF9021005FB01F35B42B3
:109F80005B00D1189A1A01EBD17102EBD272491021
:109F90005210AD0800293FD5002A14D58E1A73142B
:109FA00006EB933605EBA64516140B1402EBD632DE
:109FB00001EBD33105EB6242A5EB614104240F466E
:109FC0002B46164666E01C14002B03EBD43611DC3E
:109FD0009B1A591403EB913305EBA345131402EBC1
:109FE000D33205EB6242A2EB664103240F461346CF
:109FF0002E464FE0CB1A5A1403EB923305EBA345E0
:10A000000B1401EBD331A5EB614101EB6642022455
:10A0100017460B462E463DE0002A13D48E1A7314C1
:10A0200006EB933605EBA645161402EBD6320B145D
:10A0300005EB624201EBD3310124A5EB61411746E8
:10A040002B4626E01C14002B03EBD43611DCCB1A74
:10A050005A1403EB923305EBA3450B1401EBD331F8
:10A06000A5EB614101EB664205242F460B461646DF
:10A0700010E09B1A591403EB913305EBA34513141D
:10A0800002EBD33205EB62420024A2EB66412F467D
:10A0900013460E4680F83A408787C387A0F8406091
:10A0A000002DD8BF00254586002AD8BF0022828611
:10A0B0000029D8BF0021C186B0F84E10012919D15E
:10A0C000B0F94820B0F85410438E002ACCBFCB180A
:10A0D0005B1A4386B0F94A20838E002ACCBFCB1886
:10A0E0005B1A8386B0F94C30C28E002BCCBF891826
:10A0F000511AC186816902B0F0BC0847044A054B79
:10A100000549136000B2081850609068704700BF9E
:10A11000000C0240400060000000FF7F70B582B07C
:10A120000022ADF8002069467F4C804D204600F0AB
:10A1300003F9D5F8B00000F0B5F905F1E400FEF739
:10A140000FF9122800F2EE80DFE800F00A5B962596
:10A1500094B3C8D1E2E7ECECEC64707939454F0078
:10A16000734E304600F0DAF9002800F0DB80002161
:10A17000304600F0D5F9FBF7A9FCA5F88400B5F846
:10A180008400FBF7B4FC0146A5F88610204600F0D9
:10A19000C9F90321C2E0664C204600F0DFF928B976
:10A1A0000121204600F0BCF90121B7E0D5F8AC0050
:10A1B00000F0D6F9142000F0FDF91021AEE000F017
:10A1C000FFF9002800F0AE80D5F8AC00002100F0C7
:10A1D00001FA1121A2E0D5F8AC00012100F0FAF952
:10A1E000002800F09F80122198E0204600F012FA2B
:10A1F000042105F1E400FEF743F8012840F09280C5
:10A200002FE0D5F8AC0000F0ABF9142000F0D2F943
:10A210000D2183E000F0D4F9002800F08380D5F808
:10A22000AC00002100F0D6F90E2177E0D5F8AC00A3
:10A23000012100F0CFF9002874D00F216EE0012039
:10A2400085F824003B49D5F8900000F015FA38480D
:10A2500000F014FA022105F1E400FEF711F80128DC
:10A2600060D10020FDF77AFFD5F8AC0000F02EFA9F
:10A2700002B070BD052151E02D4800F075FA40B9DB
:10A28000D5F8900000F08CFA00212982688202B093
:10A2900070BDD5F8AC0000F0B9FAD5F890000121F6
:10A2A00000F0E6FAD5F89000214600F0E5F9072124
:10A2B00034E0002000F0E0FA002000F0DFFA062190
:10A2C00005F1E400FDF7DCFFD5F8900000F0ECFAB2
:10A2D000D5F88C0000F0F0FA02B070BDD5F88C0013
:10A2E00000F0EAFA002000F0C9FA02B070BDD5F81B
:10A2F000AC0000F08BFA0020FDF730FFD5F8B0007D
:10A3000000F011FB4FF4487000F01AFB082105E043
:10A3100000F01CFB30B1092100E0002105F1E40050
:10A32000FDF7AEFF02B070BD74020020681100207E
:10A33000F00200203C0200202DE9F04381B0D0F86B
:10A3400020E090F87560DEF80C2052085200CEF83C
:10A350000C200022DEF82440B0F870C0A0F8702075
:10A360000023DEF80070002507F01007E20F1CBF85
:10A370006FF00108CEF81080DEF80C8048F001087C
:10A38000CEF80C8002EB0C0E40F6010824F00044DD
:10A39000C64524BF4FF0010980F879909444B0F885
:10A3A0006E2002FB0CFCB0F87220A21A102F08D10C
:10A3B00000F1280790F87880A2EB0C0247F82820DB
:10A3C00006E000F1280E90F8787062444EF82720DD
:10A3D000002E20DD00F12807EAB26D1C57F822207C
:10A3E000EFB2B742134416DA00F128026D1C52F89E
:10A3F0002770FB18EFB2B7420DDA52F82770FB183E
:10A400006D1CEFB2B74206DA52F827706D1CFB18CC
:10A41000EAB2B242DEDB426AB0F86E50534390F8C3
:10A420007520554393FBF5F20A8083898281D31A04
:10A43000438200F1280290F8783052F82350B0F8A7
:10A440006C304278A0F872405D43B0F86E305543EE
:10A45000C26995FBF3F3458B534393FBF5F3C3813B
:10A4600090F87820521C80F8782090F8783090F896
:10A470007520934204BF002380F8783090F879204B
:10A4800042B10021C27880F876100270084601B00F
:10A49000BDE8F08300F064FA0146084601B0BDE86B
:10A4A000F0830000F0B5044681B0D4F80C01B0F997
:10A4B0000E10B0F90C30B0F91620B0F9180011FBED
:10A4C00000F6D4F8100113FB02F5FDF778FCD4F880
:10A4D0000871104A75197843E91305EB114580FBA3
:10A4E000021290112D1400EBD070454305EB450688
:10A4F0007600094D204601B086FB0535A91001EB19
:10A50000D171CF1301EB1741BDE8F040091400F001
:10A5100053BA00BFB5814E1B67666666C07B704745
:10A52000C17370474378026A11FB03F35FEA010CC1
:10A53000C180838004D54FF6FF73C1EB0141591AE6
:10A54000B0F86E00044B89B24143A1FB033C4FEAD3
:10A550004C01090C5162704701800080807B70477C
:10A56000C16ED0F86CC08968012380F842306FF06A
:10A570000102DCF808301A6100224A6300238B6371
:10A58000CA630A69D307FCD54A6C42F400424A64A4
:10A59000C26E92F8261002290AD1118CD2689161FC
:10A5A000C26E518C12699161C16E888C4969886153
:10A5B000704700000149A1F8800070476811002031
:10A5C000034AB2F88010002001B90120704700BF93
:10A5D0006811002030B504460025080081B008D17C
:10A5E0002046FEF705F8B4F85200A4F8440070B90C
:10A5F00009E001290BD1B4F8440038B1401EA4F899
:10A60000440080B218B921692046884701252846B0
:10A6100001B030BD70B490F875105FF0000231B336
:10A6200000F128030024D1B243F82140521C90F8D5
:10A630007550D6B2AE421AD2D1B243F82140521C64
:10A6400090F87550D6B2AE4211D2D1B243F8214043
:10A65000521C90F87550D6B2AE4208D2D1B243F82F
:10A660002140521C90F87510D5B28D42D8D30122EA
:10A6700080F8762070BC70474161704710B5044681
:10A6800000226068002100F0C7F9B4F91410606876
:10A6900000F004FA2068002100F0EAF820680022A7
:10A6A000002100F003FAE28AB4F91210206800F0E9
:10A6B000FDF9E18A208A044A4143A1FB02235A0A98
:10A6C000521CA28110BD00BF986E128370B4C26E7E
:10A6D0009568012180F86A100022B0F8641080F8B3
:10A6E000422049086963B0F864104908A963B0F8CA
:10A6F00064104908E963B0F86410491F29646FF0D9
:10A70000010129612B69DA07FCD529616A6C42F4E1
:10A7100080626A646A6C42F400426A64C36E93F8B1
:10A720002620022A19D11A8CDE682B6A40F2555471
:10A73000234209D0B261C36E5A8C1B699A61C26E02
:10A74000908C5269906108E0B262C36E5A8C1B69AA
:10A750009A62C26E908C526990622961E86840F0FA
:10A760000100E86070BC704730B5044681B0A08934
:10A77000012588B1401EA08180B260B9B4F91400EF
:10A78000217E90FBF1F1A06809B2FFF7CBFEA57323
:10A79000284601B030BD0025284601B030BD00007C
:10A7A000F0B5044681B0207800280CBFA568656824
:10A7B000E268022A03D3A1694D19521E05E0012A5D
:10A7C00004D1B4F902502D040022E260E91305EB34
:10A7D00011463614012813D10B4F06EB46014900F0
:10A7E00039806069FDF74EFF00EB40014900798038
:10A7F000361A206931B2FFF709FB65600646350459
:10A80000A560304601B0F0BD4C140020C16E8968CF
:10A81000CA6852085200CA60002390F8692080F884
:10A820004230012A17D04A6C22F480624A644A6C92
:10A8300022F400424A64C36E93F82620022A0AD109
:10A840001A8CDB689A62C36E5A8C1B699A62C36E5B
:10A850009A8C5B699A626FF001020A61D1F810C0AC
:10A860005FEACC73FAD50A61002180F86A1070475C
:10A8700001700021C16070477047000010B52623A9
:10A88000084A13FB00F3D41894F8241041B902EBE2
:10A890008002D2F89000FFF783FFE083E08B2082F4
:10A8A00010BD00BF6811002010B504466069FDF7B7
:10A8B000E9FE0004606010BD10B5040032D0207EB7
:10A8C00001282FD1227B0020012A04D011D3032A92
:10A8D0001DD011D30DE0A068002180F824100121C3
:10A8E0006068FFF7C5FFE28AB4F90E10606800F0F7
:10A8F000DDF8A8B1022014E0A068002180F824103F
:10A900006068FFF7B5FFE28AB4F91010EEE7A068BF
:10A91000012280F82420D4F812100161022000E006
:10A920000320207610BD10B504464FF48071FEF769
:10A9300049FD0022A4F80021A4F8022110BD000066
:10A940000149A1F88200704768110020034AB2F85B
:10A950008210002001B90120704700BF681100205B
:10A96000F0B400240122095FC37805780E0048BFC7
:10A970004942878A8EB2B74238BF0124C68A89B25B
:10A98000B14238BF0124B0F912100E0048BF49424D
:10A99000068B89B28E4200D31CB19D4204DA6D1C35
:10A9A00002E09D42B8BF0025E9B2994208BF0022EB
:10A9B00005701046F0BC7047F0B402460023B2F8B0
:10A9C000004122F81410B2F80001A2F80201B2F816
:10A9D0000001401CA2F8000180B2802828BFA2F824
:10A9E000003114465FF0200034F9025B34F9027B39
:10A9F00034F9026B5B19DB199D1934F9023BEB1832
:10AA0000401EF1D1981103EB5063DB11A2F8043121
:10AA10000846F0BC70470000134690F82C20002A2E
:10AA200000D07047F0B41A0012D1458BC269818101
:10AA300005EB850402FB01F364004278418593FB3A
:10AA4000F4F313FB02F20023C2810385F0BC7047CC
:10AA5000828E114CB0F90E605343A3FB04456C0A7F
:10AA6000C2694578641C048502FB01F3428B418571
:10AA700002EB82077F0093FBF7F796FBF5F33FB2FB
:10AA80001BB2FF1A3F04A4B297FBF4F255433604FD
:10AA900005624662F0BC7047986E12834278018668
:10AAA00091FBF2F2C2808180704700002DE9F041F5
:10AAB00005460C46287817460126C8B9284600F0F6
:10AAC00043F8E98CA142B8BF0026B5F928108C42A2
:10AAD00021DB310032D017BB2878270401280CBFB6
:10AAE0006F60AF600021E960A9613046BDE8F08188
:10AAF0006868EA8BC11300EB11400014A242A4BFA6
:10AB0000B5F924108C4206DB2B8C9C42BCBFB5F9F6
:10AB10002220A242DFDA00263046BDE8F0816C80B8
:10AB2000A98B084A07FB01F8A8FB0223271A590A38
:10AB30003F04491C97FBF1F0E960A8613046BDE88D
:10AB4000F08100BF986E12838068C11300EB114042
:10AB50000014704700B54FF0A04081B04021016063
:10AB6000FEF7BCFF01B05DF804EB00F0DDB867490B
:10AB700067486FF001020A6000F0ECB810B5634C52
:10AB80002068020605D56FF080012160604800F062
:10AB9000F5F82068C10505D56FF4807020605C4829
:10ABA00000F0F9F8BDE8104000F00CB910B5594CB0
:10ABB000206AC168CA0708D50169CA0705D56FF0C0
:10ABC00001010161204600F023F9206A0269910227
:10ABD0000CD551490A78521C0A70D2B2032A02DD00
:10ABE00001238B704B716FF40011016102695102F6
:10ABF00006D5494901230B714B716FF48001016146
:10AC00000269110206D544490123CB704B716FF4E0
:10AC10000001016110BD10B5404CD4F82001C1699C
:10AC20008A060ED5416AC9B2204600F0F9F80088BC
:10AC3000012802D100F05EF903E0022808BF00F00D
:10AC40005FF9D4F82001C069000644BF204600F037
:10AC50005DF9D4F82001C06900070AD5204600F04C
:10AC600087F9D4F8201108200862BDE8104000F0F0
:10AC700047B910BD10B500F087F9284C04E0022850
:10AC800008BF00F03DF900BFD4F82001C0690007FB
:10AC900008D5204600F06CF9D4F8200108210162A3
:10ACA00000F02EF9D4F82001C069000644BF204608
:10ACB00000F02CF9D4F82001C1698906E4D5416A75
:10ACC000C9B2204600F0ACF800880128D7D100F0C6
:10ACD00011F9D9E710B5124C2078022805D100F0FF
:10ACE00063F9F6F701FD002121702078401C2070E7
:10ACF000BDE8104000F060B90A4801684A0504D573
:10AD00004FF48061016000F06BB97047102C014076
:10AD1000CC01002074020020AC100020940400201C
:10AD2000FA0C00201404014030B5094C0546D4F853
:10AD3000CC0081B0FEF779FBA84206D1D4F8CC0054
:10AD400001B0BDE83040FDF76BBA01B030BD00BFC7
:10AD50005412002030B4C56E2C68AA686968AB69CB
:10AD6000E3644630ED69CD64536803490B4043F01A
:10AD70007003536030BC70478FFFFFFDC16E8A685F
:10AD8000516C41F480615164012280F8682080F8A0
:10AD900069204630704790F86910002902BFC16EE3
:10ADA00091F82620022A08D1CA680B8C93620A699E
:10ADB0004B8C93628B8C49698B62012280F86720EF
:10ADC0004630704710B5114C94F87C0001281BD117
:10ADD000B4F87E0018B1B4F87E10481E02E0FFF708
:10ADE0009DF90120A4F87E00B4F8800020B1B4F8E9
:10ADF0008010481EA4F88000B4F8820020B1B4F896
:10AE00008210481EA4F8820010BD00BF6811002007
:10AE1000B0F87010491CA0F87010002070470000B6
:10AE200030B5054681B095F81C012F4C002858D04C
:10AE300095F81D01020002D0012806D016E085F821
:10AE400099102A4C298A698218E085F89A1095F899
:10AE50001D0195F89A10401C802985F81D0140DBE2
:10AE6000002085F81D0101B0204630BD95F89A30CC
:10AE70009B1C98420ADA05F19902115495F81D01BC
:10AE8000401C85F81D0101B0204630BD85F81B111E
:10AE90000020D5F82011164C6882086820F02000A8
:10AEA0000860002185F81C1105F1990000F0A4F854
:10AEB00095F81B1188420BD195F89A3095F89910A6
:10AEC000286805F19B02AD68A847204601B030BD57
:10AED0000A208DF8000001236A46FF21284600F071
:10AEE000B9F8204601B030BD86310008883100082D
:10AEF0008A31000801484F2141807047F40C00203E
:10AF00000148002141807047F40C0020014691F86F
:10AF1000970060B391F89800020002D0012802D097
:10AF200003E0087D0AE0487D08E04B7D9B1C9842C9
:10AF3000BABF01F11402105C91F89600D1F82021FB
:10AF400090624A7D91F89830921C934203DA5B1C20
:10AF500081F898307047D1F82021106820F08000E7
:10AF60001060002281F897200868496808477047F8
:10AF700000B581B008218DF8001001236A46FF2139
:10AF800000F068F801B000BD10B5064CD4F8AC0074
:10AF9000FFF73CFC04F1E400BDE8104000228021F2
:10AFA000FDF755BB68110020024A116890684118EE
:10AFB00011607047DC050020084991F87C000028EA
:10AFC00000D1704700B581B0FFF7FCFE00F084F8B7
:10AFD00001B05DF804EB00F091B800BF68110020EB
:10AFE00000B581B0FCF704FF20B101B05DF804EBBF
:10AFF000FAF78EBD01B000BDF0B4002130B3417846
:10B00000027852180023F1B1841CD9B25B1C655C34
:10B0100041785219DFB28F4215D2851CDCB25B1C1D
:10B020002C5DDFB28F4222440DD2DCB25B1C2C5D62
:10B03000DFB28F42224406D2DCB25B1C2C5DDEB252
:10B040008E422244E0D3110402EB1161F0BCC8B27D
:10B0500070470000F0B5044681B094F89700C0BB7B
:10B06000180004F11605217563751DD013F0030057
:10B0700000F0068012F8011B05F8011B401EF9D1F3
:10B080009B0811D012F8017B05F8017B5B1E12F8BA
:10B09000016B05F8016B12F8011B05F8011B12F892
:10B0A000010B05F8010BEDD104F11400FFF7A4FF2B
:10B0B000002184F8960084F898100120D4F820111B
:10B0C00084F89700086840F08000086001B0022012
:10B0D000F0BD012001B0F0BD074890F87C100129B7
:10B0E00000D0704700B581B0002000F01DF801B01D
:10B0F0005DF804EBFCF735BB6811002009490888AE
:10B1000010B10B885A1E0A804888022802D34A8848
:10B11000501E48808888022802D38A88501E888062
:10B12000704700BFF40C00202DE9F0430446284886
:10B13000DFF8A090008881B0A046ADF8000009EBD0
:10B140008805D5F8A80000F047F807463DF8180034
:10B150000740D5F8AC0000F05BF840EA0706200095
:10B1600007D1BDF80070D9F8A40000F053F80740EB
:10B170003E4308EB480009EB4007F04382B23146FA
:10B1800007F1E400FDF763FA07F1E400FDF7E8F8E2
:10B190000A2808D00B2804BFD5F8AC00FDF728FA20
:10B1A00001B0BDE8F083D5F8A00010B10021FFF791
:10B1B000B7F9D5F8AC00FDF71BFA2046FCF7CEFF37
:10B1C000D5F8B000FFF7AFFB01B0BDE8F08300BFDA
:10B1D000865B00086811002010B504462078A0B9ED
:10B1E00094F82600FCF71CFA4FF6FF71884207D04E
:10B1F000238B228A591E02FB0100B0FBF3F0208250
:10B20000204600F057F8E08210BD0020E08210BD1B
:10B21000C1690847F0B5044681B094F82600FCF7F0
:10B22000FFF94FF6FF71884202463DD0236A94F839
:10B23000250023F810200025208B0027060025D0AC
:10B2400010F0030100F008805FFA87FC33F81CC09F
:10B250007F1C491E6544F7D1800817D0F9B233F836
:10B2600011107F1C69185FFA87FE33F81E502944BD
:10B270007F1CFDB233F815507F1C29445FFA87FC10
:10B2800033F81C504D197F1C401EE7D1A280B5FB3E
:10B29000F6F0218B94F82520E080491E8A42B4BF45
:10B2A000521C002284F82520204600F010F820814E
:10B2B00001B0F0BD018A428B8A4201D2082070475A
:10B2C000828B914201D200207047C08A7047C188AA
:10B2D000428B8A4201D202207047808B814201D288
:10B2E0000420704700207047F0B5044681B0E06E3E
:10B2F000856806684768314A0020E065206684F862
:10B300006600296A2E480140296262602046FFF7E4
:10B31000DDF92C48696801407029FBD1B1682A48E1
:10B32000014041F00801B16004F16603B9680840CA
:10B3300040F00800B86004F13801E06E90F8272072
:10B34000284600F047F82046FFF760FAE06D1F49F5
:10B350001F4A61600009E06505F11801206EA261D5
:10B3600000092066086820F008000860081D0B68C6
:10B3700023F400630B60026822F008020260B4F854
:10B3800064306B63B4F86420AA63B4F86460EE635D
:10B390000B6843F008030B600A6842F400620A601D
:10B3A000016841F00801016040F255502A6A0243E9
:10B3B0002A62002184F8691001B0F0BDEF84000812
:10B3C000AAFAFFFF70000002C0FFFF7F15B400085B
:10B3D00001B60008F0B40468521C04F06004602C4C
:10B3E00018BF52086FF00204046100251E78102E69
:10B3F0000DD20769BE07F9D56D1CAFB2B7EB421F7E
:10B400000461F3DB1E78102EF0D201200880F0BC1E
:10B410007047000070B4C26E96681468536875680F
:10B42000174A15407560D4F88040C26D154DA4B21E
:10B43000A41AAC42B8BF2C4604DBB4F5004FA8BF39
:10B4400047F6FF74D3F88030026E9BB29B1AAB4272
:10B45000B8BF2B4604DBB3F5004FA8BF47F6FF7318
:10B460004B800C80A0F848404B88A0F84A30B1F9D6
:10B47000002049885242521AA0F84C2070BC7047F4
:10B480008FFFFFFD0180FFFF70B50646002296F892
:10B490003010104C104DFDF7A9FCA16800B22940F6
:10B4A00000F500400843A0600022206840F0010041
:10B4B0002060304696F83110FDF798FC616900B2C3
:10B4C0000D4000F5004005436561206840F0020032
:10B4D000206070BD040800500F00FFFF2020F6F729
:10B4E0008BB800B581B00948F7F7E5FE01B05DF80B
:10B4F00004EB0748F7F7DFBE0648F7F7DCBE06485F
:10B50000F7F735BB0448F7F732BB0000480F0020BF
:10B5100048100020C80F0020D40D002030B40024B3
:10B5200012E050F8043BDA0744BF4B445B1E091F8E
:10B53000042943F8044BFAD21A468D0744BF1C80F5
:10B54000921CCB0748BF147050F8041B0029E8D1A7
:10B5500030BC70470000005000010050002C01403A
:10B56000000000000000000000000000800E00004D
:10B570008010000000000000000001010101010036
:10B580000548D0F8802042F47002C0F880204FF0C7
:10B59000006101607047000008ED00E0000000005D
:10B5A00000000000010203040607080910B5034A61
:10B5B0007A440832024C7C44A41D03E08C00000055
:10B5C000A800000004E01168101D114488470246DD
:10B5D000A242F8D110BD0146002091F86820012A4E
:10B5E00003D10022022081F8682091F86720012A07
:10B5F00004D1002240F0400081F86720704700002D
:10B60000C16E8968438E4B63828E8A63C08EC86325
:10B61000496803480140481E8041C043C00F70473D
:10B62000700000024EF68851CEF20001086840F426
:10B6300070000860BFF34F8FBFF36F8F4FF0017042
:10B64000E1EE100A70470000D5FEFFFF6007000022
:10B65000FC0C002000000000DB5CFFFF6C0200001F
:10B660005C0F0000000000205354204D4320534441
:10B670004B095665722E352E342E3700000000001F
:10B68000000000000000000000F00DF8002801D0CC
:10B69000FFF78CFFAFF300800020AFF30080F4F7DA
:10B6A0009BFD00F002F80120704700F001B8000097
:10B6B0000746384600F002F8FBE7000080B5AFF31C
:10B6C0000080024A11001820ABBEFBE726000200F2
:10B6D0000548014603B4684680F30988AFF300804B
:10B6E000FFF7A0FFFFF7D0FFA5EDF5FE04480268C5
:10B6F00042F001020260016841F48031016070474C
:10B7000000080050014880470148004781B5000803
:10B71000D1B600080000000001020304084480F8CC
:10B7200030207047084490F83000704700EB41002B
:10B7300042867047002180F81C117047FCF77ABFE1
:10B74000FCF778BFFFF7FEBFFFF7FEBFFFF7FEBFB6
:10B75000FFF7FEBFFFF7FEBFFFF7FEBFFFF7FEBF1D
:10B76000FFF7FEBFFFF7FEBFFFF7FEBFFFF7FEBF0D
:10B77000FFF7FEBFFFF7FEBFFFF7FEBFFFF7FEBFFD
:10B78000FFF7FEBFFFF7FEBFFFF7FEBFFFF7FEBFED
:10B79000FFF7FEBFFFF7FEBFFFF7FEBFFFF7FEBFDD
:10B7A000FFF7FEBFFFF7FEBFFFF7FEBFFFF7FEBFCD
:10B7B000FFF7FEBFFFF7FEBFFFF7FEBFFFF7FEBFBD
:10B7C000FFF7FEBFFFF7FEBFFFF7FEBFFFF7FEBFAD
:10B7D000FFF7FEBFFFF7FEBFFFF7FEBFFFF7FEBF9D
:10B7E000FFF7FEBFFFF7FEBFFFF7FEBFFFF7FEBF8D
:10B7F000FFF7FEBFFFF7FEBFFFF7FEBFFFF7FEBF7D
:10B80000FFF7FEBFFFF7FEBFFFF7FEBFFFF7FEBF6C
:10B81000FFF7FEBFFFF7FEBFFFF7FEBFFFF7FEBF5C
:10B82000FFF7FEBFFFF7FEBFFFF7FEBFFFF7FEBF4C
:10B83000FFF7FEBFFFF7FEBFFFF7FEBFFFF7FEBF3C
:10B84000FFF7FEBFFFF7FEBFFFF7FEBFFFF7FEBF2C
:10B85000FFF7FEBFFFF7FEBFFFF7FEBFFFF7FEBF1C
:10B86000FFF7FEBFFFF7FEBFFFF7FEBFFFF7FEBF0C
:10B87000FFF7FEBFFFF7FEBFFFF7FEBFFFF7FEBFFC
:10B88000FFF7FEBFFFF7FEBFFFF7FEBFFFF7FEBFEC
:10B89000FFF7FEBFFFF7FEBFFFF7FEBFFFF7FEBFDC
:10B8A000FFF7FEBFFFF7FEBFFFF7FEBFFFF7FEBFCC
:10B8B000FFF7FEBFFFF7FEBFFFF7FEBFFFF7FEBFBC
:10B8C000FFF7FEBFFFF7FEBFF2F600017401DFB025
:10B8D000090B840110271917B410A88B00005874A5
:10B8E000FFEA2216DD0001000408000A338001E8A7
:10B8F0000C1E101009C0FF1F004000E0FF7F0180F8
:10B9000008B002400E000E2CF31923082CF10B0195
:10B910002002E80341032DB005BFFCF1140FEB0139
:10B9200038E01A15B400080DA80008CDA60008E9F3
:10B93000B2000861A5000801B60008D7B50008618B
:10B94000F30D09E673900768420000FF002A002A01
:10B95000274334210D22545012051FD10112BD9AE4
:10B96000F00504FFFF10270000015DF00212E8035C
:10B97000FA0038F33640000153E803F8F0010310F1
:10B98000000C541001E8035C71126493F103B29B44
:10B990002B020A9101937B03172250381204046092
:10B9A0000A06008D78F05B000028140020201003A8
:10B9B0001DB700082504122D041403C3230008ED4D
:10B9C0008CF0033889B4000800013201B8F3051087
:10B9D0002752F0841BFF7F9879FF7F867E927DA39C
:10B9E0007CB97BD47AF479197943787177A376D9C5
:10B9F00075137551749373D87221726D71BD700F88
:10BA000070656FBE6E196E786DD96C3D6CA36B0C52
:10BA10006B786AE6695669C8683D68B4672D67A89F
:10BA2000662566A3652465A7642B64B1633963C387
:10BA3000624E62DB616961F9608B601E60B25F48D3
:10BA40005FDF5E775E115EAC5D485DE65C845C2422
:10BA50005CC55B685B0B5BAF5A555AEEF3FF3F006A
:10BA600001F10001FF10380120034B7000846A10BF
:10BA7000D8180B24F4004CBE0000F7BA000095B8AB
:10BA8000DA1C03B60000B9B369031EB18B041017AA
:10BA9000AE00003AAC0000AFA900001FA700008A6A
:10BAA000A40000F2A10000579F2410139C00001A6C
:10BAB0009A000079970000D8940000379200009710
:10BAC0008F48100F8C00005A8A0000BE87000026A5
:10BAD0008500009182651C13800000737D0000EBDF
:10BAE0007A000069780000EC7500007673EF0310AF
:10BAF000037100009C6E64100B6C0000E069000094
:10BB00008D6700004265301003630000C660901826
:10BB1000065E00006C5C00004D281C1037580000C9
:10BB20002A560000275400002C5200003C506C04A0
:10BB300010074E0000774C0000A24A841C0E4800FB
:10BB400000174700005F450000B04300000BA4044D
:10BB5000166F0E1008DC3E0000533D0000D23B98EB
:10BB6000123A841003380000853748180736000061
:10BB7000D134000084335A16320C1C16310000CC2C
:10BB80002F00009E2E0000782D0000592C0000414F
:10BB90002B000031E504172729271E28C0031D4C60
:10BBA0000310043226000043254C12247C1C06237B
:10BBB00000009A220000C2FC0416F156122404135D
:10BBC0005E1FD41DCF0513DF1D3011041C04751C2E
:10BBD0000000C71BF003110413781AA81D390412C2
:10BBE0003B041003A31800000F04177F1754161608
:10BBF0001811041003E4150000620413E41410117A
:10BC0000041003F11300007C04120B0410039C12B7
:10BC1000000030041003C7110000610416FEC112B9
:10BC20009D04123E041003E20F0000880412310448
:10BC30001EDC2F0612890412380413E90D38110492
:10BC40001252041209041EC1EA04127C04123804C0
:10BC50001003F70B0000B604127804123A041EFF1A
:10BC6000BF0612C504128C04125504121F041EEAEA
:10BC7000FB0612B6041284041253041224041EF5A7
:10BC8000A20412C804129B04127004124504121C70
:10BC90000417F40740110412A604128004125B0476
:10BCA000131ECF0C16CC541C07CA0000B1C80000EC
:10BCB000BCC69C06180AC40000B8C20000AAC00096
:10BCC0000093781F75BC2905197C1A247C4BF2B5AA
:10BCD0007C1A7B7C180338AF0000F07C13A3AA7C8D
:10BCE00012A8A01EA573071802A300004F80180316
:10BCF000F39E000096801A38801AD8801B79958CA4
:10BD00001403930000BB9080168ECC198413A7896E
:10BD10002C198413FA843819841A59841B0E7E58FE
:10BD2000127BD01806790000467700000D881C03AE
:10BD3000D9720000AB15031A83881A61881C044568
:10BD40006A00002F68250318036600001864541663
:10BD500062BC198C1A2A8C1A3E8C1A5A8C1A7D8C49
:10BD60001AA88C1ADB8C14081553000056510000D9
:10BD7000A04FB018024D000049901AAA9018031263
:10BD800049000082901AF990137844C01990180362
:10BD90008C41000022941ABE941A6294170D3C1034
:10BDA0001994137839CC19981AFF941803CD3500DB
:10BDB00000A1981A7C981A5D981A44981F32304C4A
:10BDC00003199C1A1F9C1A1F9C1A249C1A2F9C1A38
:10BDD000409C1A569C1A729C1A929C1AB89C1AE3A0
:10BDE0009C1213041A48A01A81A01ABFA0120104C1
:10BDF0001A48A41A94A01AE3A01237041A8EA41A9F
:10BE0000EAA01249041AACA41213041A7EA41AEC74
:10BE1000A4125D041AD2A4124A041AC5A41243043F
:10BE20001AC4A81249041AD0A8125A041AE6A81271
:10BE300076041208041A9CAC1233041ACDA81269B5
:10BE4000041207041AA7AC124A041AEEAC129504A5
:10BE5000123E041AE9AC1296041244041AF5AC120C
:10BE6000A704125B041211041AC8B0128104123C18
:10BE7000041AF8AC12B6041275041236041AF7B09C
:10BE800012BB041280045E45AE072DBC04120204EE
:10BE90002D71072D64072DA80712060419773D455B
:10BEA000072DB6092D920919DB3DE10711473D4ADF
:10BEB00009116B3DFC04118F12009F1200AB1200A0
:10BEC000BB1200C71200D71200E31200EF2E00E0F1
:10BED00007150716001316001B1600272E00A609CB
:10BEE000153B3D41052DEF08155716006316006BF5
:10BEF00016007316007F2E006F07158F1600973DF2
:10BF0000200915A71600AF1600B71600BF1600C708
:10BF10001600CF1600D71600DF1600E71600EF1642
:10BF200000F71600FF1E009B041A000B1A00131ADC
:10BF3000001B1E00B7041A00271A002F1A00373DF5
:10BF400006072DE505194B1A00531E00EB041A00D5
:10BF50005F1A00671300460419731E000B051A00D0
:10BF60007F1A008713004B0419931A009B1E002FA1
:10BF7000051A00A71E003B051A00B31E0047051A4C
:10BF800000BF1A00C71300550419D3130057041932
:10BF9000DF130059042D9F071DB7081A00F713007F
:10BFA0005D041D030313005F041D0F0313006104F0
:10BFB0001D1B032DAB051D26092F0000B7051D33E2
:10BFC000031E00C3051E003F031E00CF051E004BCD
:10BFD0000313006B041D570313006D041D6303134B
:10BFE000006F041D6F031E00FB051E007B031E0077
:10BFF0000706130074041D8B03130076041D9703BA
:10C000001E0023061E00A3031E002F061E00AF0302
:10C0100013007C041D3F061E00BF0313007F041D98
:10C02000CB03130081042D5B061283041DE3031E62
:10C03000006B06130086041DF303130088041DFF24
:10C04000031E0087061E00A60B1E000F0413008DA2
:10C05000041D1B041E00A3061E00270413009104E8
:10C060001DB3061E0037041E00BF064001009500E8
:06C070000100012700029F
:040000050800B6D168
:00000001FF
